RSID,DamageTypeFixed,DamageTypeCustom,DamageAngleFixed,DamageAngleOffsetDeg,Attack,FixAttack,GuardType,VersusGuardPower,StageDamageTypeFixed,StageDamageExIDFixed,AttackAttrFixed,AttrLevel,AttrValue,AttackCond,IsForceCond,CondValue,IsUseCondDefaultSec,CondCustomSec,StunDamage,FlagBit,MultiHitTimer,HealValue,PriorityFixed,PriorityTypeFixed,DisableContactPointAdjust,IsContactPointAdjustIgnoreDamageAngle,PorterDodgeFixed,DamageLevel,ExtraGuardDamageAngles,ToEmDamageRate,BadConditionPresetGuid,FrenzyOutbreakPoint,AttackFilterType,IsParryFix,IsParryStockOnly,IsParryBreak,IsTechGuardBreak,IsBlockEnable,IsNoWakeUpPl,IsDropDamage,IsAffectScarVital,IsTearScarForce,IsCoercionEnemyDamage,IsKillable,IsUseCondValueEm,CondValueEm,IsForceCondEm,IsUseStunDamageEm,StunDamageEm,IsForceStunEm,EmRateAttack,LaserContinueDamageRate,FriendHitType,EnemyDamageType,IsEnergyAttack,IsExFieldContsCancel,HitEffectTypeFixed,DisableHitEffect,HitEffectAngleZ,HitEffectAngleX,RSName,RSKName,colName,colShapeName,GroupIndex,GName,GLayerIndex,GShapeNames,GJointNames1,GJointNames2,GShapeTypes,GShapeParams,IsSensorCollision,IsArrowFlipCollision,Parts,PressLevel,HitType,OwnRangeDegree,OwnRangeDegreeRiding,TargetRangeDegree,UniqueIndex,FreeInt,FreeFloat,Type
Em0002_00_Attack,,,,,,,,,,,,,,,,,,,,,,,,,,,,,,,,,,,,,,,,,,,,,,,,,,,,,,,,,,,,,,,,,,,,,,,,,,,,,,,,,,,,
0,NORMAL(0),CAPTURE_NET(-956543104),CENTER(6),0.0,25.0,0.0,ALL_RANGE(1),20.0,AUTO(-1149658496),NONE(-94023312),NONE(0),0,0.0,NONE(1220034176),False,0.0,True,0.0,35.0,NONE(0),0.0,0.0,PRIO_8(7),ATTACK_FIRST(0),False,False,AUTO(-1072110528),0,[],1.0,00000000-0000-0000-0000-000000000000,0.0,DEFAULT(0),False,False,False,False,False,False,False,False,False,False,False,False,0.0,False,False,0.0,False,0.0,1.0,NONE(0),AUTO(1006222464),False,False,NONE(3),,0.0,0.0,噛みつき,,噛みつき,|,0,,0,|,Head|Jaw,Head|Jaw,Capsule|Capsule,"{'start': {'x': 0.0, 'y': -0.09, 'z': 0.98}, 'end': {'x': 0.0, 'y': 0.39, 'z': 0.12}, 'radius': 1.0}|{'start': {'x': 0.0, 'y': -0.22, 'z': 0.64}, 'end': {'x': 0.0, 'y': -0.27, 'z': -0.36}, 'radius': 1.0}",,,,,,,,,,,,
1,NORMAL(0),CAPTURE_NET(-956543104),BACK(1),30.0,20.0,0.0,NORMAL(0),30.0,AUTO(-1149658496),NONE(-94023312),NONE(0),0,0.0,NONE(1220034176),False,0.0,True,0.0,0.0,NONE(0),0.0,0.0,PRIO_8(7),ATTACK_FIRST(0),False,False,AUTO(-1072110528),0,[],1.0,00000000-0000-0000-0000-000000000000,0.0,DEFAULT(0),False,False,False,False,False,False,False,False,False,False,False,False,0.0,False,False,0.0,False,0.0,1.0,NONE(0),AUTO(1006222464),False,False,NONE(3),,0.0,0.0,噛みつき尻尾,,噛みつき尻尾,||,1,,0,||,Tail2|Tail4|Tail6,Tail3|Tail5|Tail6,Capsule|Capsule|Capsule,"{'start': {'x': 0.0, 'y': 0.17, 'z': 0.0}, 'end': {'x': 0.0, 'y': 0.0, 'z': -0.4}, 'radius': 1.05}|{'start': {'x': 0.0, 'y': 0.0, 'z': -0.5}, 'end': {'x': 0.0, 'y': 0.0, 'z': -0.5}, 'radius': 1.15}|{'start': {'x': 0.0, 'y': 0.0, 'z': 0.0}, 'end': {'x': 0.0, 'y': 0.0, 'z': -0.70000005}, 'radius': 0.5999999}",,,,,,,,,,,,
2,SMASH_MIDDLE(20),CAPTURE_NET(-956543104),ROLLING_R(8),0.0,35.0,0.0,NORMAL(0),30.0,AUTO(-1149658496),NONE(-94023312),NONE(0),0,0.0,NONE(1220034176),False,0.0,True,0.0,35.0,NONE(0),0.0,0.0,PRIO_8(7),ATTACK_FIRST(0),False,False,AUTO(-1072110528),0,['CENTER(6)'],1.0,00000000-0000-0000-0000-000000000000,0.0,DEFAULT(0),False,False,False,False,False,False,False,False,False,False,False,False,0.0,False,False,0.0,False,0.0,1.0,NONE(0),AUTO(1006222464),False,False,NONE(3),,0.0,0.0,尻尾回転,,尻尾回転,||,1,,0,||,Tail2|Tail4|Tail6,Tail3|Tail5|Tail6,Capsule|Capsule|Capsule,"{'start': {'x': 0.0, 'y': 0.17, 'z': 0.0}, 'end': {'x': 0.0, 'y': 0.0, 'z': -0.4}, 'radius': 1.05}|{'start': {'x': 0.0, 'y': 0.0, 'z': -0.5}, 'end': {'x': 0.0, 'y': 0.0, 'z': -0.5}, 'radius': 1.15}|{'start': {'x': 0.0, 'y': 0.0, 'z': 0.0}, 'end': {'x': 0.0, 'y': 0.0, 'z': -0.70000005}, 'radius': 0.5999999}",,,,,,,,,,,,
3,SMASH_MIDDLE(20),CAPTURE_NET(-956543104),COLLIDER_CENTER(-799903744),0.0,60.0,0.0,ALL_RANGE(1),40.0,AUTO(-1149658496),NONE(-94023312),NONE(0),0,0.0,NONE(1220034176),False,0.0,True,0.0,35.0,NONE(0),0.0,0.0,PRIO_8(7),ATTACK_FIRST(0),False,False,AUTO(-1072110528),0,[],1.0,00000000-0000-0000-0000-000000000000,0.0,DEFAULT(0),False,False,False,False,False,False,False,False,False,False,False,False,0.0,False,False,0.0,False,0.0,1.0,NONE(0),AUTO(1006222464),False,False,NONE(3),,0.0,0.0,真下ジャンプ踏みつけ,,真下ジャンプ踏みつけ,||||,3,,0,||||,L_Foot1|L_Foot1|R_Foot1|R_Foot1|Spine0,L_Foot2|L_Foot2|R_Foot2|R_Foot2|Tail1,Capsule|Capsule|Capsule|Capsule|Capsule,"{'start': {'x': 0.0, 'y': 0.1, 'z': 0.15}, 'end': {'x': 0.0, 'y': -0.05, 'z': 0.0}, 'radius': 0.7}|{'start': {'x': 0.0, 'y': 1.0, 'z': -0.7}, 'end': {'x': 0.0, 'y': -0.45, 'z': 0.1}, 'radius': 1.0}|{'start': {'x': 0.0, 'y': 0.1, 'z': 0.15}, 'end': {'x': 0.0, 'y': -0.05, 'z': 0.0}, 'radius': 0.7}|{'start': {'x': 0.0, 'y': 1.0, 'z': -0.7}, 'end': {'x': 0.0, 'y': -0.45, 'z': 0.1}, 'radius': 1.0}|{'start': {'x': 0.0, 'y': -1.32, 'z': 0.0}, 'end': {'x': 0.0, 'y': -1.0, 'z': 0.28}, 'radius': 2.5}",,,,,,,,,,,,
4,SMASH_MIDDLE(20),CAPTURE_NET(-956543104),FRONT(0),0.0,50.0,0.0,NORMAL(0),40.0,AUTO(-1149658496),NONE(-94023312),NONE(0),0,0.0,NONE(1220034176),False,0.0,True,0.0,45.0,NONE(0),0.0,0.0,PRIO_8(7),ATTACK_FIRST(0),False,False,AUTO(-1072110528),0,[],1.0,00000000-0000-0000-0000-000000000000,0.0,DEFAULT(0),False,False,False,False,False,False,False,False,False,False,False,False,0.0,False,False,0.0,False,0.0,1.0,NONE(0),AUTO(1006222464),False,False,NONE(3),,0.0,0.0,ダッシュ噛みつき,,ダッシュ噛みつき,||||||||||||,4,,0,||||||||||||,Neck0|Spine0|Neck0|Spine0|Tail0|L_LegU0|L_LegL0|L_Foot1|L_Foot1|R_LegU0|R_LegL0|R_Foot1|R_Foot1,Spine0|Tail0|Spine1|Tail0|Tail0|L_LegU1|L_Foot0|L_Foot2|L_Foot2|R_LegU1|R_Foot0|R_Foot2|R_Foot2,Capsule|Capsule|Capsule|Capsule|Sphere|Capsule|Capsule|Capsule|Capsule|Capsule|Capsule|Capsule|Capsule,"{'start': {'x': 0.0, 'y': 0.15, 'z': -0.63}, 'end': {'x': 0.0, 'y': -0.12, 'z': 0.0}, 'radius': 2.0}|{'start': {'x': 0.0, 'y': -0.12, 'z': 0.0}, 'end': {'x': 0.0, 'y': -0.3, 'z': 0.28}, 'radius': 2.0}|{'start': {'x': 0.0, 'y': 0.54, 'z': -0.63}, 'end': {'x': 0.0, 'y': 0.84, 'z': 0.0}, 'radius': 1.5}|{'start': {'x': 0.0, 'y': 0.84, 'z': 0.0}, 'end': {'x': 0.0, 'y': 0.69, 'z': 0.0}, 'radius': 1.5}|{'x': 0.0, 'y': 0.26, 'z': -1.62, 'radius': 1.5}|{'start': {'x': 0.0, 'y': 0.0, 'z': -0.4}, 'end': {'x': 0.0, 'y': 0.0, 'z': 0.2}, 'radius': 0.7}|{'start': {'x': 0.0, 'y': 0.0, 'z': 0.2}, 'end': {'x': 0.0, 'y': 0.1, 'z': 0.15}, 'radius': 0.5}|{'start': {'x': 0.0, 'y': 0.1, 'z': 0.15}, 'end': {'x': 0.0, 'y': -0.05, 'z': 0.0}, 'radius': 0.5}|{'start': {'x': 0.0, 'y': 0.2, 'z': -0.4}, 'end': {'x': 0.0, 'y': -0.45, 'z': 0.1}, 'radius': 0.8}|{'start': {'x': 0.0, 'y': 0.0, 'z': -0.4}, 'end': {'x': 0.0, 'y': 0.0, 'z': 0.2}, 'radius': 0.7}|{'start': {'x': 0.0, 'y': 0.0, 'z': 0.2}, 'end': {'x': 0.0, 'y': 0.1, 'z': 0.15}, 'radius': 0.5}|{'start': {'x': 0.0, 'y': 0.1, 'z': 0.15}, 'end': {'x': 0.0, 'y': -0.05, 'z': 0.0}, 'radius': 0.5}|{'start': {'x': 0.0, 'y': 0.2, 'z': -0.4}, 'end': {'x': 0.0, 'y': -0.45, 'z': 0.1}, 'radius': 0.8}",,,,,,,,,,,,
5,SLIP(22),CAPTURE_NET(-956543104),CENTER(6),0.0,30.0,0.0,ALL_RANGE(1),30.0,AUTO(-1149658496),NONE(-94023312),NONE(0),0,0.0,NONE(1220034176),False,0.0,True,0.0,20.0,NONE(0),0.0,0.0,PRIO_8(7),ATTACK_FIRST(0),False,False,AUTO(-1072110528),0,[],1.0,00000000-0000-0000-0000-000000000000,0.0,DEFAULT(0),False,False,False,False,False,False,False,False,False,False,False,False,0.0,False,False,0.0,False,0.0,1.0,NONE(0),AUTO(1006222464),False,False,NONE(3),,0.0,0.0,空中ひっかき,,空中ひっかき,|||,6,,0,|||,L_Foot1|L_Foot1|R_Foot1|R_Foot1,L_Foot2|L_Foot2|R_Foot2|R_Foot2,Capsule|Capsule|Capsule|Capsule,"{'start': {'x': 0.0, 'y': 0.1, 'z': 0.15}, 'end': {'x': 0.0, 'y': -0.05, 'z': 0.0}, 'radius': 0.7}|{'start': {'x': 0.0, 'y': 0.2, 'z': -0.4}, 'end': {'x': 0.0, 'y': -0.45, 'z': 0.1}, 'radius': 0.7}|{'start': {'x': 0.0, 'y': 0.1, 'z': 0.15}, 'end': {'x': 0.0, 'y': -0.05, 'z': 0.0}, 'radius': 0.7}|{'start': {'x': 0.0, 'y': 0.2, 'z': -0.4}, 'end': {'x': 0.0, 'y': -0.45, 'z': 0.1}, 'radius': 0.7}",,,,,,,,,,,,
6,SLIP(22),CAPTURE_NET(-956543104),CENTER(6),0.0,45.0,0.0,ALL_RANGE(1),30.0,AUTO(-1149658496),NONE(-94023312),NONE(0),0,0.0,NONE(1220034176),False,0.0,True,0.0,30.0,NONE(0),0.0,0.0,PRIO_8(7),ATTACK_FIRST(0),False,False,AUTO(-1072110528),0,[],1.0,00000000-0000-0000-0000-000000000000,0.0,DEFAULT(0),False,False,False,False,False,False,False,False,False,False,False,False,0.0,False,False,0.0,False,0.0,1.0,NONE(0),AUTO(1006222464),False,False,NONE(3),,0.0,0.0,空中噛みつき,,空中噛みつき,|,7,,0,|,Head|Jaw,Head|Jaw,Capsule|Capsule,"{'start': {'x': 0.0, 'y': -0.09, 'z': 0.98}, 'end': {'x': 0.0, 'y': 0.39, 'z': 0.12}, 'radius': 1.0}|{'start': {'x': 0.0, 'y': -0.22, 'z': 0.64}, 'end': {'x': 0.0, 'y': -0.27, 'z': -0.36}, 'radius': 1.0}",,,,,,,,,,,,
7,SMASH_MIDDLE(20),CAPTURE_NET(-956543104),ROLLING_R(8),0.0,60.0,0.0,ALL_RANGE(1),40.0,AUTO(-1149658496),NONE(-94023312),NONE(0),0,0.0,NONE(1220034176),False,0.0,True,0.0,45.0,NONE(0),0.0,0.0,PRIO_8(7),ATTACK_FIRST(0),False,False,AUTO(-1072110528),0,[],1.0,00000000-0000-0000-0000-000000000000,0.0,DEFAULT(0),False,False,False,False,False,False,False,False,False,False,False,False,0.0,False,False,0.0,False,0.0,1.0,NONE(0),AUTO(1006222464),False,False,NONE(3),,0.0,0.0,空中尻尾薙ぎ,,空中尻尾薙ぎ,|||,9,,0,|||,Tail0|Tail2|Tail4|Tail6,Tail0|Tail3|Tail5|Tail6,Sphere|Capsule|ContinuousCapsule|Capsule,"{'x': 0.0, 'y': 0.26, 'z': -1.62, 'radius': 1.3}|{'start': {'x': 0.0, 'y': 0.17, 'z': 0.0}, 'end': {'x': 0.0, 'y': 0.0, 'z': -0.4}, 'radius': 1.4}|{'start': {'x': 0.0, 'y': 0.0, 'z': -0.23}, 'end': {'x': 0.0, 'y': 0.0, 'z': -0.62}, 'radius': 1.5}|{'start': {'x': 0.0, 'y': 0.0, 'z': 0.0}, 'end': {'x': 0.0, 'y': 0.0, 'z': -0.70000005}, 'radius': 0.5999999}",,,,,,,,,,,,
8,NORMAL(0),CAPTURE_NET(-956543104),COLLIDER_CENTER(-799903744),0.0,30.0,0.0,ALL_RANGE(1),20.0,AUTO(-1149658496),NONE(-94023312),NONE(0),0,0.0,NONE(1220034176),False,0.0,True,0.0,10.0,NONE(0),0.0,0.0,PRIO_8(7),ATTACK_FIRST(0),False,False,AUTO(-1072110528),0,[],1.0,00000000-0000-0000-0000-000000000000,0.0,DEFAULT(0),False,False,False,False,False,False,False,False,False,False,False,False,0.0,False,False,0.0,False,0.0,1.0,NONE(0),AUTO(1006222464),False,False,NONE(3),,0.0,0.0,中距離けん制キック,,中距離けん制キック,|||,10,,0,|||,L_Foot0|L_Foot1|R_Foot0|R_Foot1,L_Foot1|L_Foot2|R_Foot1|R_Foot2,Capsule|Capsule|Capsule|Capsule,"{'start': {'x': 0.0, 'y': 0.1, 'z': 0.15}, 'end': {'x': 0.0, 'y': -0.05, 'z': 0.0}, 'radius': 0.5}|{'start': {'x': 0.0, 'y': 0.2, 'z': -0.4}, 'end': {'x': 0.0, 'y': -0.45, 'z': 0.1}, 'radius': 0.5}|{'start': {'x': 0.0, 'y': 0.1, 'z': 0.15}, 'end': {'x': 0.0, 'y': -0.05, 'z': 0.0}, 'radius': 0.5}|{'start': {'x': 0.0, 'y': 0.2, 'z': -0.4}, 'end': {'x': 0.0, 'y': -0.45, 'z': 0.1}, 'radius': 0.5}",,,,,,,,,,,,
9,SMASH_MIDDLE(20),CAPTURE_NET(-956543104),FRONT(0),0.0,60.0,0.0,NORMAL(0),40.0,AUTO(-1149658496),NONE(-94023312),NONE(0),0,0.0,NONE(1220034176),False,0.0,True,0.0,45.0,NONE(0),0.0,0.0,PRIO_8(7),ATTACK_FIRST(0),False,False,AUTO(-1072110528),0,[],1.0,00000000-0000-0000-0000-000000000000,0.0,DEFAULT(0),False,False,False,False,False,False,False,False,False,False,False,False,0.0,False,False,0.0,False,0.0,1.0,NONE(0),AUTO(1006222464),False,False,NONE(3),,0.0,0.0,滑空攻撃,,滑空攻撃,|||||||||,11,,0,|||||||||,Head|Jaw|Neck0|Spine0|Neck0|Spine0|Tail0|L_LegU0|R_LegU0|Tail0,Head|Jaw|Spine0|Tail0|Spine0|Tail0|Tail0|L_LegU1|R_LegU1|Tail1,Capsule|Capsule|Capsule|Capsule|Capsule|Capsule|Sphere|Capsule|Capsule|Capsule,"{'start': {'x': 0.0, 'y': -0.09, 'z': 0.98}, 'end': {'x': 0.0, 'y': 0.39, 'z': 0.12}, 'radius': 1.0}|{'start': {'x': 0.0, 'y': -0.22, 'z': 0.64}, 'end': {'x': 0.0, 'y': -0.27, 'z': -0.36}, 'radius': 1.0}|{'start': {'x': 0.0, 'y': 0.15, 'z': -0.63}, 'end': {'x': 0.0, 'y': -0.12, 'z': 0.0}, 'radius': 2.0}|{'start': {'x': 0.0, 'y': -0.12, 'z': 0.0}, 'end': {'x': 0.0, 'y': -0.3, 'z': 0.28}, 'radius': 2.0}|{'start': {'x': 0.0, 'y': 0.54, 'z': -0.63}, 'end': {'x': 0.0, 'y': 0.84, 'z': 0.0}, 'radius': 1.5}|{'start': {'x': 0.0, 'y': 0.84, 'z': 0.0}, 'end': {'x': 0.0, 'y': 0.69, 'z': 0.0}, 'radius': 1.5}|{'x': 0.0, 'y': 0.26, 'z': -1.62, 'radius': 1.5}|{'start': {'x': 0.0, 'y': 0.0, 'z': -0.4}, 'end': {'x': 0.0, 'y': 0.0, 'z': 0.2}, 'radius': 0.7}|{'start': {'x': 0.0, 'y': 0.0, 'z': -0.4}, 'end': {'x': 0.0, 'y': 0.0, 'z': 0.2}, 'radius': 0.7}|{'start': {'x': 0.0, 'y': 0.0, 'z': 0.0}, 'end': {'x': 0.0, 'y': 0.2, 'z': -0.3}, 'radius': 1.2}",,,,,,,,,,,,
10,SMASH(21),CAPTURE_NET(-956543104),FRONT(0),0.0,60.0,0.0,NORMAL(0),40.0,AUTO(-1149658496),NONE(-94023312),NONE(0),0,0.0,POISON(1990626048),False,20.0,True,0.0,60.0,NONE(0),0.0,0.0,PRIO_8(7),ATTACK_FIRST(0),False,False,AUTO(-1072110528),0,[],1.0,e6efdf8d-2c0d-4131-a0bf-0ba076544144,0.0,DEFAULT(0),False,False,False,False,False,False,False,False,False,False,False,True,90.0,False,False,0.0,False,0.0,1.0,NONE(0),AUTO(1006222464),False,False,NONE(3),,0.0,0.0,レウスキック,,レウスキック,|||,15,,0,|||,L_Foot0|L_Foot1|R_Foot0|R_Foot1,L_Foot1|L_Foot2|R_Foot1|R_Foot2,Capsule|Capsule|Capsule|Capsule,"{'start': {'x': 0.0, 'y': 0.1, 'z': 0.15}, 'end': {'x': 0.0, 'y': -0.05, 'z': 0.0}, 'radius': 0.7}|{'start': {'x': 0.0, 'y': 0.2, 'z': -0.4}, 'end': {'x': 0.0, 'y': -0.45, 'z': 0.1}, 'radius': 1.3}|{'start': {'x': 0.0, 'y': 0.1, 'z': 0.15}, 'end': {'x': 0.0, 'y': -0.05, 'z': 0.0}, 'radius': 0.7}|{'start': {'x': 0.0, 'y': 0.2, 'z': -0.4}, 'end': {'x': 0.0, 'y': -0.45, 'z': 0.1}, 'radius': 1.3}",,,,,,,,,,,,
11,SMASH_MIDDLE(20),CAPTURE_NET(-956543104),CENTER(6),0.0,50.0,0.0,NORMAL(0),40.0,AUTO(-1149658496),NONE(-94023312),NONE(0),0,0.0,NONE(1220034176),False,0.0,True,0.0,45.0,NONE(0),0.0,0.0,PRIO_8(7),ATTACK_FIRST(0),False,False,AUTO(-1072110528),0,[],1.0,00000000-0000-0000-0000-000000000000,0.0,DEFAULT(0),False,False,False,False,False,False,False,False,False,False,False,False,0.0,False,False,0.0,False,0.0,1.0,NONE(0),AUTO(1006222464),False,False,NONE(3),,0.0,0.0,ダッシュ噛みつき頭,,ダッシュ噛みつき頭,|,0,,0,|,Head|Jaw,Head|Jaw,Capsule|Capsule,"{'start': {'x': 0.0, 'y': -0.09, 'z': 0.98}, 'end': {'x': 0.0, 'y': 0.39, 'z': 0.12}, 'radius': 1.0}|{'start': {'x': 0.0, 'y': -0.22, 'z': 0.64}, 'end': {'x': 0.0, 'y': -0.27, 'z': -0.36}, 'radius': 1.0}",,,,,,,,,,,,
12,SMASH_MIDDLE(20),CAPTURE_NET(-956543104),FRONT(0),0.0,50.0,0.0,NORMAL(0),40.0,AUTO(-1149658496),NONE(-94023312),NONE(0),0,0.0,NONE(1220034176),False,0.0,True,0.0,0.0,NONE(0),0.0,0.0,PRIO_8(7),ATTACK_FIRST(0),False,False,AUTO(-1072110528),0,[],1.0,00000000-0000-0000-0000-000000000000,0.0,DEFAULT(0),False,False,False,False,False,False,False,False,False,False,False,False,0.0,False,False,0.0,False,0.0,1.0,NONE(0),AUTO(1006222464),False,False,NONE(3),,0.0,0.0,ダッシュ,,ダッシュ,|||||||||||||||,16,,0,|||||||||||||||,Head|Jaw|Neck0|Spine0|Neck0|Spine0|Tail0|L_LegU0|L_LegL0|L_Foot0|L_Foot1|R_LegU0|R_LegL0|R_Foot0|R_Foot1|Tail1,Head|Jaw|Spine0|Tail0|Spine0|Tail0|Tail0|L_LegU1|L_Foot0|L_Foot1|L_Foot2|R_LegU1|R_Foot0|R_Foot1|R_Foot2|Tail2,Capsule|Capsule|Capsule|Capsule|Capsule|Capsule|Sphere|Capsule|Capsule|Capsule|Capsule|Capsule|Capsule|Capsule|Capsule|Capsule,"{'start': {'x': 0.0, 'y': -0.09, 'z': 0.98}, 'end': {'x': 0.0, 'y': 0.39, 'z': 0.12}, 'radius': 1.0}|{'start': {'x': 0.0, 'y': -0.22, 'z': 0.64}, 'end': {'x': 0.0, 'y': -0.27, 'z': -0.36}, 'radius': 1.0}|{'start': {'x': 0.0, 'y': 0.15, 'z': -0.63}, 'end': {'x': 0.0, 'y': -0.12, 'z': 0.0}, 'radius': 2.0}|{'start': {'x': 0.0, 'y': -0.12, 'z': 0.0}, 'end': {'x': 0.0, 'y': -0.3, 'z': 0.28}, 'radius': 2.0}|{'start': {'x': 0.0, 'y': 0.54, 'z': -0.63}, 'end': {'x': 0.0, 'y': 0.84, 'z': 0.0}, 'radius': 1.5}|{'start': {'x': 0.0, 'y': 0.84, 'z': 0.0}, 'end': {'x': 0.0, 'y': 0.69, 'z': 0.0}, 'radius': 1.5}|{'x': 0.0, 'y': 0.26, 'z': -1.62, 'radius': 1.5}|{'start': {'x': 0.0, 'y': 0.0, 'z': -0.4}, 'end': {'x': 0.0, 'y': 0.0, 'z': 0.2}, 'radius': 0.7}|{'start': {'x': 0.0, 'y': 0.0, 'z': 0.2}, 'end': {'x': 0.0, 'y': 0.1, 'z': 0.15}, 'radius': 0.5}|{'start': {'x': 0.0, 'y': 0.1, 'z': 0.15}, 'end': {'x': 0.0, 'y': -0.05, 'z': 0.0}, 'radius': 0.5}|{'start': {'x': 0.0, 'y': 0.2, 'z': -0.4}, 'end': {'x': 0.0, 'y': -0.45, 'z': 0.1}, 'radius': 0.8}|{'start': {'x': 0.0, 'y': 0.0, 'z': -0.4}, 'end': {'x': 0.0, 'y': 0.0, 'z': 0.2}, 'radius': 0.7}|{'start': {'x': 0.0, 'y': 0.0, 'z': 0.2}, 'end': {'x': 0.0, 'y': 0.1, 'z': 0.15}, 'radius': 0.5}|{'start': {'x': 0.0, 'y': 0.1, 'z': 0.15}, 'end': {'x': 0.0, 'y': -0.05, 'z': 0.0}, 'radius': 0.5}|{'start': {'x': 0.0, 'y': 0.2, 'z': -0.4}, 'end': {'x': 0.0, 'y': -0.45, 'z': 0.1}, 'radius': 0.8}|{'start': {'x': 0.0, 'y': 0.7, 'z': 0.0}, 'end': {'x': 0.0, 'y': 0.7, 'z': 0.0}, 'radius': 1.0}",,,,,,,,,,,,
13,SMASH_MIDDLE(20),CAPTURE_NET(-956543104),CENTER(6),0.0,50.0,0.0,ALL_RANGE(1),30.0,AUTO(-1149658496),NONE(-94023312),NONE(0),0,0.0,NONE(1220034176),False,0.0,True,0.0,45.0,NONE(0),0.0,0.0,PRIO_8(7),ATTACK_FIRST(0),False,False,AUTO(-1072110528),0,[],1.0,00000000-0000-0000-0000-000000000000,0.0,DEFAULT(0),False,False,False,False,False,False,False,False,False,False,False,False,0.0,False,False,0.0,False,0.0,1.0,NONE(0),AUTO(1006222464),False,False,NONE(3),,0.0,0.0,連続噛みつき,,連続噛みつき,|||||,17,,0,|||||,Head|Jaw|Neck2|Neck2|Neck0|Neck0,Head|Jaw|Neck1|Neck1|Spine0|Spine0,Capsule|Capsule|Capsule|Capsule|Capsule|Capsule,"{'start': {'x': 0.0, 'y': -0.39, 'z': 1.0}, 'end': {'x': 0.0, 'y': 0.39, 'z': 0.0}, 'radius': 0.8}|{'start': {'x': 0.0, 'y': -0.22, 'z': 1.0}, 'end': {'x': 0.0, 'y': -0.27, 'z': 0.0}, 'radius': 0.8}|{'start': {'x': 0.0, 'y': -0.2, 'z': 0.0}, 'end': {'x': 0.0, 'y': -0.2, 'z': 0.0}, 'radius': 1.0}|{'start': {'x': 0.0, 'y': 0.3, 'z': 0.0}, 'end': {'x': 0.0, 'y': 0.3, 'z': 0.0}, 'radius': 1.4}|{'start': {'x': 0.0, 'y': 0.15, 'z': -0.63}, 'end': {'x': 0.0, 'y': -0.12, 'z': 0.0}, 'radius': 1.2}|{'start': {'x': 0.0, 'y': 0.5, 'z': -0.63}, 'end': {'x': 0.0, 'y': 0.5, 'z': 0.0}, 'radius': 1.4}",,,,,,,,,,,,
14,SMASH_MIDDLE(20),CAPTURE_NET(-956543104),CENTER(6),0.0,60.0,0.0,ALL_RANGE(1),40.0,AUTO(-1149658496),NONE(-94023312),NONE(0),0,0.0,NONE(1220034176),False,0.0,True,0.0,35.0,NONE(0),0.0,0.0,PRIO_8(7),ATTACK_FIRST(0),False,False,AUTO(-1072110528),0,[],1.0,00000000-0000-0000-0000-000000000000,0.0,DEFAULT(0),False,False,False,False,False,False,False,False,False,False,False,False,0.0,False,False,0.0,False,0.0,1.0,NONE(0),AUTO(1006222464),False,False,NONE(3),,0.0,0.0,垂直落下キック,,垂直落下キック,||||,2,,0,||||,L_Foot0|L_Foot1|R_Foot0|R_Foot1|Spine0,L_Foot1|L_Foot2|R_Foot1|R_Foot2|Tail0,Capsule|Capsule|Capsule|Capsule|Capsule,"{'start': {'x': 0.0, 'y': 0.1, 'z': 0.15}, 'end': {'x': 0.0, 'y': -0.05, 'z': 0.0}, 'radius': 0.7}|{'start': {'x': 0.0, 'y': 1.0, 'z': -0.7}, 'end': {'x': 0.0, 'y': -0.45, 'z': 0.1}, 'radius': 1.0}|{'start': {'x': 0.0, 'y': 0.1, 'z': 0.15}, 'end': {'x': 0.0, 'y': -0.05, 'z': 0.0}, 'radius': 0.7}|{'start': {'x': 0.0, 'y': 1.0, 'z': -0.7}, 'end': {'x': 0.0, 'y': -0.45, 'z': 0.1}, 'radius': 1.0}|{'start': {'x': 0.0, 'y': -1.32, 'z': 0.0}, 'end': {'x': 0.0, 'y': -1.0, 'z': 0.28}, 'radius': 2.5}",,,,,,,,,,,,
15,SMASH_MIDDLE(20),CAPTURE_NET(-956543104),CENTER(6),0.0,40.0,0.0,NORMAL(0),30.0,AUTO(-1149658496),NONE(-94023312),NONE(0),0,0.0,NONE(1220034176),False,0.0,True,0.0,45.0,NONE(0),0.0,0.0,PRIO_8(7),ATTACK_FIRST(0),False,False,AUTO(-1072110528),0,[],1.0,00000000-0000-0000-0000-000000000000,0.0,DEFAULT(0),False,False,False,False,False,False,False,False,False,False,False,False,0.0,False,False,0.0,False,0.0,1.0,NONE(0),AUTO(1006222464),False,False,NONE(3),,0.0,0.0,二連キック着地,,二連キック着地,|||,19,,0,|||,L_Foot0|L_Foot1|R_Foot0|R_Foot1,L_Foot1|L_Foot2|R_Foot1|R_Foot2,Capsule|Capsule|Capsule|Capsule,"{'start': {'x': 0.0, 'y': 0.1, 'z': 0.15}, 'end': {'x': 0.0, 'y': -0.05, 'z': 0.0}, 'radius': 0.7}|{'start': {'x': 0.0, 'y': 0.2, 'z': -0.4}, 'end': {'x': 0.0, 'y': -0.45, 'z': 0.1}, 'radius': 1.3}|{'start': {'x': 0.0, 'y': 0.1, 'z': 0.15}, 'end': {'x': 0.0, 'y': -0.05, 'z': 0.0}, 'radius': 0.7}|{'start': {'x': 0.0, 'y': 0.2, 'z': -0.4}, 'end': {'x': 0.0, 'y': -0.45, 'z': 0.1}, 'radius': 1.3}",,,,,,,,,,,,
16,SMASH_MIDDLE(20),CAPTURE_NET(-956543104),CENTER(6),0.0,40.0,0.0,NORMAL(0),40.0,AUTO(-1149658496),NONE(-94023312),NONE(0),0,0.0,NONE(1220034176),False,0.0,True,0.0,35.0,NONE(0),0.0,0.0,PRIO_8(7),ATTACK_FIRST(0),False,False,AUTO(-1072110528),0,[],1.0,00000000-0000-0000-0000-000000000000,0.0,DEFAULT(0),False,False,False,False,False,False,False,False,False,False,False,False,0.0,False,False,0.0,False,0.0,1.0,NONE(0),AUTO(1006222464),False,False,NONE(3),,0.0,0.0,疲れダッシュ噛みつき,,疲れダッシュ噛みつき,|||||||||||||||,5,,0,|||||||||||||||,Head|Jaw|Neck0|Spine0|Neck0|Spine0|Tail0|Tail1|L_LegU0|L_LegL0|L_Foot1|L_Foot1|R_LegU0|R_LegL0|R_Foot1|R_Foot1,Head|Jaw|Spine0|Tail0|Spine0|Tail0|Tail0|Tail2|L_LegU1|L_Foot0|L_Foot2|L_Foot2|R_LegU1|R_Foot0|R_Foot2|R_Foot2,Capsule|Capsule|Capsule|Capsule|Capsule|Capsule|Sphere|Capsule|Capsule|Capsule|Capsule|Capsule|Capsule|Capsule|Capsule|Capsule,"{'start': {'x': 0.0, 'y': -0.09, 'z': 0.98}, 'end': {'x': 0.0, 'y': 0.39, 'z': 0.12}, 'radius': 1.0}|{'start': {'x': 0.0, 'y': -0.22, 'z': 0.64}, 'end': {'x': 0.0, 'y': -0.27, 'z': -0.36}, 'radius': 1.0}|{'start': {'x': 0.0, 'y': 0.15, 'z': -0.63}, 'end': {'x': 0.0, 'y': -0.12, 'z': 0.0}, 'radius': 2.0}|{'start': {'x': 0.0, 'y': -0.12, 'z': 0.0}, 'end': {'x': 0.0, 'y': -0.3, 'z': 0.28}, 'radius': 2.0}|{'start': {'x': 0.0, 'y': 0.54, 'z': -0.63}, 'end': {'x': 0.0, 'y': 0.84, 'z': 0.0}, 'radius': 1.5}|{'start': {'x': 0.0, 'y': 0.84, 'z': 0.0}, 'end': {'x': 0.0, 'y': 0.69, 'z': 0.0}, 'radius': 1.5}|{'x': 0.0, 'y': 0.26, 'z': -1.62, 'radius': 1.5}|{'start': {'x': 0.0, 'y': 0.7, 'z': 0.0}, 'end': {'x': 0.0, 'y': 0.7, 'z': 0.0}, 'radius': 1.0}|{'start': {'x': 0.0, 'y': 0.0, 'z': -0.4}, 'end': {'x': 0.0, 'y': 0.0, 'z': 0.2}, 'radius': 0.7}|{'start': {'x': 0.0, 'y': 0.0, 'z': 0.2}, 'end': {'x': 0.0, 'y': 0.1, 'z': 0.15}, 'radius': 0.5}|{'start': {'x': 0.0, 'y': 0.1, 'z': 0.15}, 'end': {'x': 0.0, 'y': -0.05, 'z': 0.0}, 'radius': 0.5}|{'start': {'x': 0.0, 'y': 0.2, 'z': -0.4}, 'end': {'x': 0.0, 'y': -0.45, 'z': 0.1}, 'radius': 0.8}|{'start': {'x': 0.0, 'y': 0.0, 'z': -0.4}, 'end': {'x': 0.0, 'y': 0.0, 'z': 0.2}, 'radius': 0.7}|{'start': {'x': 0.0, 'y': 0.0, 'z': 0.2}, 'end': {'x': 0.0, 'y': 0.1, 'z': 0.15}, 'radius': 0.5}|{'start': {'x': 0.0, 'y': 0.1, 'z': 0.15}, 'end': {'x': 0.0, 'y': -0.05, 'z': 0.0}, 'radius': 0.5}|{'start': {'x': 0.0, 'y': 0.2, 'z': -0.4}, 'end': {'x': 0.0, 'y': -0.45, 'z': 0.1}, 'radius': 0.8}",,,,,,,,,,,,
17,NORMAL(0),CAPTURE_NET(-956543104),CENTER(6),0.0,20.0,0.0,NORMAL(0),20.0,NONE(1444776192),NONE(-94023312),NONE(0),0,0.0,NONE(1220034176),False,0.0,True,0.0,0.0,NONE(0),0.0,0.0,PRIO_8(7),ATTACK_FIRST(0),False,False,AUTO(-1072110528),0,[],1.0,00000000-0000-0000-0000-000000000000,0.0,DEFAULT(0),False,False,False,False,False,False,False,False,False,False,False,False,0.0,False,False,0.0,False,0.0,1.0,NONE(0),NONE(-803615104),False,False,NONE(3),,0.0,0.0,離陸背中,,離陸背中,||||||||||,18,,0,||||||||||,Neck0|Spine0|Tail0|L_LegU0|L_LegU1|L_Foot0|L_Foot1|R_LegU0|R_LegU1|R_Foot0|R_Foot1,Spine0|Tail0|Tail0|L_LegU1|L_Foot0|L_Foot1|L_Foot2|R_LegU1|R_Foot0|R_Foot1|R_Foot2,Capsule|Capsule|Capsule|Capsule|Capsule|Capsule|Capsule|Capsule|Capsule|Capsule|Capsule,"{'start': {'x': 0.0, 'y': 0.54, 'z': -0.63}, 'end': {'x': 0.0, 'y': 0.84, 'z': 0.0}, 'radius': 1.3}|{'start': {'x': 0.0, 'y': 0.84, 'z': 0.0}, 'end': {'x': 0.0, 'y': 0.69, 'z': 0.0}, 'radius': 1.3}|{'start': {'x': 0.0, 'y': 0.26, 'z': -1.62}, 'end': {'x': 0.0, 'y': -0.24, 'z': -1.62}, 'radius': 1.5}|{'start': {'x': 0.0, 'y': 0.0, 'z': -0.4}, 'end': {'x': 0.0, 'y': 0.0, 'z': 0.2}, 'radius': 0.6}|{'start': {'x': 0.0, 'y': 0.0, 'z': 0.2}, 'end': {'x': 0.0, 'y': 0.1, 'z': 0.15}, 'radius': 0.4}|{'start': {'x': 0.0, 'y': 0.1, 'z': 0.15}, 'end': {'x': 0.0, 'y': -0.05, 'z': 0.0}, 'radius': 0.4}|{'start': {'x': 0.0, 'y': 0.2, 'z': -0.4}, 'end': {'x': 0.0, 'y': -0.45, 'z': 0.1}, 'radius': 1.0}|{'start': {'x': 0.0, 'y': 0.0, 'z': -0.4}, 'end': {'x': 0.0, 'y': 0.0, 'z': 0.2}, 'radius': 0.6}|{'start': {'x': 0.0, 'y': 0.0, 'z': 0.2}, 'end': {'x': 0.0, 'y': 0.1, 'z': 0.15}, 'radius': 0.4}|{'start': {'x': 0.0, 'y': 0.1, 'z': 0.15}, 'end': {'x': 0.0, 'y': -0.05, 'z': 0.0}, 'radius': 0.4}|{'start': {'x': 0.0, 'y': 0.2, 'z': -0.4}, 'end': {'x': 0.0, 'y': -0.45, 'z': 0.1}, 'radius': 1.0}",,,,,,,,,,,,
18,WIND(6),CAPTURE_NET(-956543104),CENTER(6),0.0,0.0,0.0,NORMAL(0),25.0,NONE(1444776192),NONE(-94023312),NONE(0),0,0.0,NONE(1220034176),False,0.0,True,0.0,0.0,NONE(0),0.0,0.0,PRIO_8(7),ATTACK_FIRST(0),False,False,AUTO(-1072110528),3,[],1.0,00000000-0000-0000-0000-000000000000,0.0,DEFAULT(0),False,False,False,False,False,False,False,False,False,False,False,False,0.0,False,False,0.0,False,0.0,1.0,NONE(0),NONE(-803615104),False,False,NONE(3),,0.0,0.0,風圧,,風圧,,20,,0,,Spine0,,Sphere,"{'x': 0.0, 'y': -8.0, 'z': -1.0, 'radius': 10.0}",,,,,,,,,,,,
19,SMASH_MIDDLE(20),CAPTURE_NET(-956543104),CENTER(6),0.0,60.0,0.0,NORMAL(0),40.0,AUTO(-1149658496),NONE(-94023312),NONE(0),0,0.0,NONE(1220034176),False,0.0,True,0.0,45.0,NONE(0),0.0,0.0,PRIO_5(10),ATTACK_FIRST(0),False,False,AUTO(-1072110528),0,[],1.0,00000000-0000-0000-0000-000000000000,0.0,DEFAULT(0),False,False,False,False,False,False,False,False,False,False,False,False,0.0,False,False,0.0,False,0.0,1.0,NONE(0),AUTO(1006222464),False,False,NONE(3),,0.0,0.0,空中中,,空中中,||||||||||,21,,0,||||||||||,Neck0|Spine0|Tail0|L_LegU0|L_LegU1|L_Foot0|L_Foot1|R_LegU0|R_LegU1|R_Foot0|R_Foot1,Spine0|Tail0|Tail0|L_LegU1|L_Foot0|L_Foot1|L_Foot2|R_LegU1|R_Foot0|R_Foot1|R_Foot2,Capsule|Capsule|Capsule|Capsule|Capsule|Capsule|Capsule|Capsule|Capsule|Capsule|Capsule,"{'start': {'x': 0.0, 'y': 0.54, 'z': -0.63}, 'end': {'x': 0.0, 'y': 0.84, 'z': 0.0}, 'radius': 1.3}|{'start': {'x': 0.0, 'y': 0.84, 'z': 0.0}, 'end': {'x': 0.0, 'y': 0.69, 'z': 0.0}, 'radius': 1.3}|{'start': {'x': 0.0, 'y': 0.26, 'z': -1.62}, 'end': {'x': 0.0, 'y': -0.24, 'z': -1.62}, 'radius': 1.5}|{'start': {'x': 0.0, 'y': 0.0, 'z': -0.4}, 'end': {'x': 0.0, 'y': 0.0, 'z': 0.2}, 'radius': 0.6}|{'start': {'x': 0.0, 'y': 0.0, 'z': 0.2}, 'end': {'x': 0.0, 'y': 0.1, 'z': 0.15}, 'radius': 0.4}|{'start': {'x': 0.0, 'y': 0.1, 'z': 0.15}, 'end': {'x': 0.0, 'y': -0.05, 'z': 0.0}, 'radius': 0.4}|{'start': {'x': 0.0, 'y': 0.2, 'z': -0.4}, 'end': {'x': 0.0, 'y': -0.45, 'z': 0.1}, 'radius': 1.0}|{'start': {'x': 0.0, 'y': 0.0, 'z': -0.4}, 'end': {'x': 0.0, 'y': 0.0, 'z': 0.2}, 'radius': 0.6}|{'start': {'x': 0.0, 'y': 0.0, 'z': 0.2}, 'end': {'x': 0.0, 'y': 0.1, 'z': 0.15}, 'radius': 0.4}|{'start': {'x': 0.0, 'y': 0.1, 'z': 0.15}, 'end': {'x': 0.0, 'y': -0.05, 'z': 0.0}, 'radius': 0.4}|{'start': {'x': 0.0, 'y': 0.2, 'z': -0.4}, 'end': {'x': 0.0, 'y': -0.45, 'z': 0.1}, 'radius': 1.0}",,,,,,,,,,,,
20,SMASH_MIDDLE(20),CAPTURE_NET(-956543104),CENTER(6),0.0,30.0,0.0,NORMAL(0),40.0,AUTO(-1149658496),NONE(-94023312),NONE(0),0,0.0,NONE(1220034176),False,0.0,True,0.0,45.0,NONE(0),0.0,0.0,PRIO_5(10),ATTACK_FIRST(0),False,False,AUTO(-1072110528),0,[],1.0,00000000-0000-0000-0000-000000000000,0.0,DEFAULT(0),False,False,False,False,False,False,False,False,False,False,False,False,0.0,False,False,0.0,False,0.0,1.0,NONE(0),AUTO(1006222464),False,False,NONE(3),,0.0,0.0,空中小,,空中小,|||||||||||||||,22,,0,|||||||||||||||,Neck0|Spine0|Tail0|L_LegU0|L_LegU1|L_Foot0|L_Foot1|R_LegU0|R_LegU1|R_Foot0|R_Foot1|Head|Head|Jaw|Neck1|Neck2,Spine0|Tail0|Tail0|L_LegU1|L_Foot0|L_Foot1|L_Foot2|R_LegU1|R_Foot0|R_Foot1|R_Foot2|Head|Head|Jaw|Neck0|Neck1,Capsule|Capsule|Capsule|Capsule|Capsule|Capsule|Capsule|Capsule|Capsule|Capsule|Capsule|Capsule|Capsule|Capsule|Capsule|Capsule,"{'start': {'x': 0.0, 'y': 0.54, 'z': -0.63}, 'end': {'x': 0.0, 'y': 0.84, 'z': 0.0}, 'radius': 1.3}|{'start': {'x': 0.0, 'y': 0.84, 'z': 0.0}, 'end': {'x': 0.0, 'y': 0.69, 'z': 0.0}, 'radius': 1.3}|{'start': {'x': 0.0, 'y': 0.26, 'z': -1.62}, 'end': {'x': 0.0, 'y': -0.24, 'z': -1.62}, 'radius': 1.5}|{'start': {'x': 0.0, 'y': 0.0, 'z': -0.4}, 'end': {'x': 0.0, 'y': 0.0, 'z': 0.2}, 'radius': 0.6}|{'start': {'x': 0.0, 'y': 0.0, 'z': 0.2}, 'end': {'x': 0.0, 'y': 0.1, 'z': 0.15}, 'radius': 0.4}|{'start': {'x': 0.0, 'y': 0.1, 'z': 0.15}, 'end': {'x': 0.0, 'y': -0.05, 'z': 0.0}, 'radius': 0.4}|{'start': {'x': 0.0, 'y': 0.2, 'z': -0.4}, 'end': {'x': 0.0, 'y': -0.45, 'z': 0.1}, 'radius': 1.0}|{'start': {'x': 0.0, 'y': 0.0, 'z': -0.4}, 'end': {'x': 0.0, 'y': 0.0, 'z': 0.2}, 'radius': 0.6}|{'start': {'x': 0.0, 'y': 0.0, 'z': 0.2}, 'end': {'x': 0.0, 'y': 0.1, 'z': 0.15}, 'radius': 0.4}|{'start': {'x': 0.0, 'y': 0.1, 'z': 0.15}, 'end': {'x': 0.0, 'y': -0.05, 'z': 0.0}, 'radius': 0.4}|{'start': {'x': 0.0, 'y': 0.2, 'z': -0.4}, 'end': {'x': 0.0, 'y': -0.45, 'z': 0.1}, 'radius': 1.0}|{'start': {'x': 0.0, 'y': -0.28999996, 'z': 0.98}, 'end': {'x': 0.45, 'y': 0.5999999, 'z': -0.3000002}, 'radius': 0.8}|{'start': {'x': 0.0, 'y': -0.29, 'z': 0.98}, 'end': {'x': -0.45, 'y': 0.6, 'z': -0.3}, 'radius': 0.8}|{'start': {'x': 0.0, 'y': -0.22, 'z': 1.0}, 'end': {'x': 0.0, 'y': -0.27, 'z': -0.36}, 'radius': 1.0}|{'start': {'x': 0.0, 'y': 0.2, 'z': 0.0}, 'end': {'x': 0.0, 'y': 0.2, 'z': 0.0}, 'radius': 1.0}|{'start': {'x': 0.0, 'y': 0.2, 'z': 0.0}, 'end': {'x': 0.0, 'y': 0.2, 'z': 0.0}, 'radius': 1.0}",,,,,,,,,,,,
21,SMASH_MIDDLE(20),CAPTURE_NET(-956543104),CENTER(6),0.0,24.0,0.0,ALL_RANGE(1),30.0,AUTO(-1149658496),NONE(-94023312),FIRE(1),0,36.0,FIRE(-241644512),False,0.0,True,0.0,42.0,NONE(0),0.0,0.0,PRIO_8(7),ATTACK_FIRST(0),False,False,AUTO(-1072110528),0,[],1.0,00000000-0000-0000-0000-000000000000,0.0,DEFAULT(0),False,False,False,False,False,False,False,False,False,False,False,False,0.0,False,False,0.0,False,0.0,1.0,NONE(0),AUTO(1006222464),False,False,NONE(3),,0.0,0.0,連続噛みつき（怒り）,,連続噛みつき（怒り）,|||||,17,,0,|||||,Head|Jaw|Neck2|Neck2|Neck0|Neck0,Head|Jaw|Neck1|Neck1|Spine0|Spine0,Capsule|Capsule|Capsule|Capsule|Capsule|Capsule,"{'start': {'x': 0.0, 'y': -0.39, 'z': 1.0}, 'end': {'x': 0.0, 'y': 0.39, 'z': 0.0}, 'radius': 0.8}|{'start': {'x': 0.0, 'y': -0.22, 'z': 1.0}, 'end': {'x': 0.0, 'y': -0.27, 'z': 0.0}, 'radius': 0.8}|{'start': {'x': 0.0, 'y': -0.2, 'z': 0.0}, 'end': {'x': 0.0, 'y': -0.2, 'z': 0.0}, 'radius': 1.0}|{'start': {'x': 0.0, 'y': 0.3, 'z': 0.0}, 'end': {'x': 0.0, 'y': 0.3, 'z': 0.0}, 'radius': 1.4}|{'start': {'x': 0.0, 'y': 0.15, 'z': -0.63}, 'end': {'x': 0.0, 'y': -0.12, 'z': 0.0}, 'radius': 1.2}|{'start': {'x': 0.0, 'y': 0.5, 'z': -0.63}, 'end': {'x': 0.0, 'y': 0.5, 'z': 0.0}, 'radius': 1.4}",,,,,,,,,,,,
22,SMASH_SMALL(-1838723072),NONE(1996289920),FRONT(0),0.0,30.0,0.0,NORMAL(0),20.0,AUTO(-1149658496),NONE(-94023312),NONE(0),0,0.0,NONE(1220034176),False,0.0,True,0.0,10.0,NONE(0),0.0,0.0,PRIO_8(7),ATTACK_FIRST(0),False,False,AUTO(-1072110528),0,[],1.0,00000000-0000-0000-0000-000000000000,0.0,DEFAULT(0),False,False,False,False,False,False,False,False,False,False,False,False,0.0,False,False,0.0,False,0.0,1.0,NONE(0),AUTO(1006222464),False,False,NONE(3),,0.0,0.0,乗られ全身,,乗られ攻撃,|||||||||||||||||||||||||||||||||||||||||||||||||||||||||||||,23,,0,|||||||||||||||||||||||||||||||||||||||||||||||||||||||||||||,Head|Head|Jaw|Neck1|Neck2|Neck0|Spine0|Neck0|Spine0|L_WingU0|L_WingU1|L_HandW0|L_IndexW2|L_HandW0|L_MiddleW2|L_HandW0|L_RingW2|L_HandW0|L_PinkyW2|L_WingU1|L_AddW3_1|L_AddW3_1|L_HandW0|L_HandW0|L_HandW0|L_WingU1|L_WingU0|L_WingU1|L_ThumbW0|R_WingU0|R_WingU1|R_HandW0|R_IndexW2|R_HandW0|R_MiddleW2|R_HandW0|R_RingW2|R_HandW0|R_PinkyW2|R_WingU1|R_AddW3_1|R_AddW3_1|R_HandW0|R_HandW0|R_HandW0|R_WingU1|R_WingU0|R_WingU1|R_ThumbW0|L_LegU0|L_LegL0|L_Foot0|L_Foot1|R_LegU0|R_LegL0|R_Foot0|R_Foot1|Tail0|Tail2|Tail2|Tail4|Tail5,Head|Head|Jaw|Neck0|Neck1|Chest|Tail0|Chest|Tail0|L_WingU1|L_HandW0|L_IndexW2|L_IndexW4_CH_end|L_MiddleW2|L_MiddleW4_CH_end|L_RingW2|L_RingW4_CH_end|L_PinkyW2|L_PinkyW4_CH_end|L_AddW3_1|L_PinkyW4_CH_end|L_AddW3_2_CH_end|L_AddW0_1|L_AddW1_1|L_AddW2_1|L_PinkyW2|L_AddW3_2_CH_end|Tail1|L_ThumbW0|R_WingU1|R_HandW0|R_IndexW2|R_IndexW4_CH_end|R_MiddleW2|R_MiddleW4_CH_end|R_RingW2|R_RingW4_CH_end|R_PinkyW2|R_PinkyW4_CH_end|R_AddW3_1|R_AddW3_2_CH_end|R_PinkyW4_CH_end|R_AddW0_1|R_AddW1_1|R_AddW2_1|R_PinkyW2|R_AddW3_2_CH_end|Tail1|R_ThumbW0|L_LegU1|L_Foot0|L_Foot1|L_Foot2|R_LegU1|R_Foot0|R_Foot1|R_Foot2|Tail1|Tail3|Tail3|Tail5|Tail6,Capsule|Capsule|Capsule|Capsule|Capsule|Capsule|Capsule|Capsule|Capsule|Capsule|Capsule|Capsule|Capsule|Capsule|Capsule|Capsule|Capsule|Capsule|Capsule|Capsule|Capsule|Capsule|Capsule|Capsule|Capsule|Capsule|Capsule|Capsule|Capsule|Capsule|Capsule|Capsule|Capsule|Capsule|Capsule|Capsule|Capsule|Capsule|Capsule|Capsule|Capsule|Capsule|Capsule|Capsule|Capsule|Capsule|Capsule|Capsule|Capsule|Capsule|Capsule|Capsule|Capsule|Capsule|Capsule|Capsule|Capsule|Capsule|Capsule|Capsule|Capsule|Capsule,"{'start': {'x': 0.0, 'y': -0.28999996, 'z': 0.98}, 'end': {'x': 0.45, 'y': 0.5999999, 'z': -0.3000002}, 'radius': 0.8}|{'start': {'x': 0.0, 'y': -0.29, 'z': 0.98}, 'end': {'x': -0.45, 'y': 0.6, 'z': -0.3}, 'radius': 0.8}|{'start': {'x': 0.0, 'y': -0.22, 'z': 1.0}, 'end': {'x': 0.0, 'y': -0.27, 'z': -0.36}, 'radius': 1.0}|{'start': {'x': 0.0, 'y': 0.2, 'z': 0.0}, 'end': {'x': 0.0, 'y': 0.2, 'z': 0.0}, 'radius': 1.0}|{'start': {'x': 0.0, 'y': 0.2, 'z': 0.0}, 'end': {'x': 0.0, 'y': 0.2, 'z': 0.0}, 'radius': 1.0}|{'start': {'x': 0.0, 'y': -0.2, 'z': -0.4}, 'end': {'x': 0.0, 'y': -0.2, 'z': 0.0}, 'radius': 1.2}|{'start': {'x': 0.0, 'y': -0.1, 'z': 0.0}, 'end': {'x': 0.0, 'y': -0.3, 'z': 0.0}, 'radius': 1.2}|{'start': {'x': 0.0, 'y': 0.1, 'z': -0.4}, 'end': {'x': 0.0, 'y': 0.5, 'z': 0.0}, 'radius': 1.3}|{'start': {'x': 0.0, 'y': 0.5, 'z': 0.0}, 'end': {'x': 0.0, 'y': 0.2, 'z': 0.0}, 'radius': 1.3}|{'start': {'x': 0.0, 'y': 0.0, 'z': 0.0}, 'end': {'x': 0.0, 'y': 0.0, 'z': 0.0}, 'radius': 0.5}|{'start': {'x': 0.0, 'y': 0.0, 'z': 0.0}, 'end': {'x': 0.0, 'y': 0.0, 'z': 0.0}, 'radius': 0.5}|{'start': {'x': 0.6951, 'y': 0.0091, 'z': 0.5156}, 'end': {'x': 0.0, 'y': 0.0, 'z': 0.0}, 'radius': 0.45}|{'start': {'x': 0.0, 'y': 0.0, 'z': 0.0}, 'end': {'x': 0.0, 'y': 0.0, 'z': 0.0}, 'radius': 0.4}|{'start': {'x': 0.3, 'y': 0.0, 'z': 0.38}, 'end': {'x': 0.0, 'y': 0.0, 'z': 0.0}, 'radius': 0.4}|{'start': {'x': 0.0, 'y': 0.0, 'z': 0.0}, 'end': {'x': 0.0, 'y': 0.0, 'z': 0.0}, 'radius': 0.4}|{'start': {'x': 0.48, 'y': 0.0001, 'z': 0.1}, 'end': {'x': 0.0, 'y': 0.0, 'z': 0.0}, 'radius': 0.35}|{'start': {'x': 0.0, 'y': 0.0, 'z': 0.0}, 'end': {'x': 0.0, 'y': 0.0, 'z': 0.0}, 'radius': 0.4}|{'start': {'x': 0.0, 'y': 0.0, 'z': 0.0}, 'end': {'x': 0.0, 'y': 0.0, 'z': 0.0}, 'radius': 0.4}|{'start': {'x': 0.0, 'y': 0.0, 'z': 0.0}, 'end': {'x': 0.0, 'y': 0.0, 'z': 0.0}, 'radius': 0.4}|{'start': {'x': 0.0, 'y': 0.0, 'z': 0.0}, 'end': {'x': 0.0, 'y': 0.0, 'z': 0.0}, 'radius': 0.4}|{'start': {'x': 0.0, 'y': 0.0, 'z': 0.0}, 'end': {'x': 0.0, 'y': 0.0, 'z': 0.0}, 'radius': 0.4}|{'start': {'x': 0.0, 'y': 0.0, 'z': 0.0}, 'end': {'x': 0.0, 'y': 0.0, 'z': 0.0}, 'radius': 0.4}|{'start': {'x': 0.0, 'y': 0.0, 'z': 0.0}, 'end': {'x': 0.0, 'y': 0.1, 'z': -2.6}, 'radius': 0.4}|{'start': {'x': 0.0, 'y': 0.0, 'z': 0.0}, 'end': {'x': 0.0, 'y': 0.0, 'z': -3.1}, 'radius': 0.4}|{'start': {'x': 0.0, 'y': 0.0, 'z': 0.0}, 'end': {'x': 0.0, 'y': 0.0, 'z': -2.8}, 'radius': 0.4}|{'start': {'x': 0.0, 'y': 0.0, 'z': 0.0}, 'end': {'x': 0.0, 'y': 0.0, 'z': 0.0}, 'radius': 0.4}|{'start': {'x': 0.0, 'y': 0.0, 'z': 0.0}, 'end': {'x': 0.0, 'y': 0.0, 'z': 0.4}, 'radius': 0.4}|{'start': {'x': 0.0, 'y': 0.0, 'z': 0.0}, 'end': {'x': 0.0, 'y': 0.0, 'z': 0.0}, 'radius': 0.4}|{'start': {'x': 0.0, 'y': 0.0, 'z': 0.0}, 'end': {'x': -0.15, 'y': 0.05, 'z': 1.0}, 'radius': 0.3}|{'start': {'x': 0.0, 'y': 0.0, 'z': 0.0}, 'end': {'x': 0.0, 'y': 0.0, 'z': 0.0}, 'radius': 0.5}|{'start': {'x': 0.0, 'y': 0.0, 'z': 0.0}, 'end': {'x': 0.0, 'y': 0.0, 'z': 0.0}, 'radius': 0.5}|{'start': {'x': -0.7, 'y': -0.0035, 'z': 0.4}, 'end': {'x': 0.0, 'y': 0.0, 'z': 0.0}, 'radius': 0.45}|{'start': {'x': 0.0, 'y': 0.0, 'z': 0.0}, 'end': {'x': 0.0, 'y': 0.0, 'z': 0.0}, 'radius': 0.4}|{'start': {'x': -0.4, 'y': 0.0, 'z': 0.4}, 'end': {'x': 0.0, 'y': 0.0, 'z': 0.0}, 'radius': 0.4}|{'start': {'x': 0.0, 'y': 0.0, 'z': 0.0}, 'end': {'x': 0.0, 'y': 0.0, 'z': 0.0}, 'radius': 0.4}|{'start': {'x': -0.4, 'y': 0.0, 'z': 0.15}, 'end': {'x': 0.0, 'y': 0.0, 'z': 0.0}, 'radius': 0.4}|{'start': {'x': 0.0, 'y': 0.0, 'z': 0.0}, 'end': {'x': 0.0, 'y': 0.0, 'z': 0.0}, 'radius': 0.4}|{'start': {'x': 0.0, 'y': 0.0, 'z': 0.0}, 'end': {'x': 0.0, 'y': 0.0, 'z': 0.0}, 'radius': 0.4}|{'start': {'x': 0.0, 'y': 0.0, 'z': 0.0}, 'end': {'x': 0.0, 'y': 0.0, 'z': 0.0}, 'radius': 0.4}|{'start': {'x': 0.0, 'y': 0.0, 'z': 0.0}, 'end': {'x': 0.0, 'y': 0.0, 'z': 0.0}, 'radius': 0.4}|{'start': {'x': 0.0, 'y': 0.0, 'z': 0.0}, 'end': {'x': 0.0, 'y': 0.0, 'z': 0.4}, 'radius': 0.4}|{'start': {'x': 0.0, 'y': 0.0, 'z': 0.0}, 'end': {'x': 0.0, 'y': 0.0, 'z': 0.0}, 'radius': 0.4}|{'start': {'x': 0.0, 'y': 0.0, 'z': 0.0}, 'end': {'x': 0.0, 'y': 0.1, 'z': -2.6}, 'radius': 0.4}|{'start': {'x': 0.0, 'y': 0.0, 'z': 0.0}, 'end': {'x': 0.0, 'y': 0.0, 'z': -3.1}, 'radius': 0.4}|{'start': {'x': 0.0, 'y': 0.0, 'z': 0.0}, 'end': {'x': 0.0, 'y': 0.0, 'z': -2.8}, 'radius': 0.4}|{'start': {'x': 0.0, 'y': 0.0, 'z': 0.0}, 'end': {'x': 0.0, 'y': 0.0, 'z': 0.0}, 'radius': 0.4}|{'start': {'x': 0.0, 'y': 0.0, 'z': 0.0}, 'end': {'x': 0.0, 'y': 0.0, 'z': 0.4}, 'radius': 0.4}|{'start': {'x': 0.0, 'y': 0.0, 'z': 0.0}, 'end': {'x': 0.0, 'y': 0.0, 'z': 0.0}, 'radius': 0.4}|{'start': {'x': 0.0, 'y': 0.0, 'z': 0.0}, 'end': {'x': 0.15, 'y': 0.05, 'z': 1.0}, 'radius': 0.3}|{'start': {'x': 0.0, 'y': 0.0, 'z': 0.0}, 'end': {'x': 0.0, 'y': 0.0, 'z': 0.0}, 'radius': 0.70000005}|{'start': {'x': 0.0, 'y': 0.0, 'z': 0.0}, 'end': {'x': 0.0, 'y': 0.0, 'z': 0.0}, 'radius': 0.5}|{'start': {'x': 0.0, 'y': 0.0, 'z': 0.0}, 'end': {'x': 0.0, 'y': 0.0, 'z': 0.0}, 'radius': 0.4}|{'start': {'x': 0.0, 'y': 0.2, 'z': -0.4}, 'end': {'x': 0.0, 'y': -0.45, 'z': 0.1}, 'radius': 1.0}|{'start': {'x': 0.0, 'y': 0.0, 'z': 0.0}, 'end': {'x': 0.0, 'y': 0.0, 'z': 0.0}, 'radius': 0.70000005}|{'start': {'x': 0.0, 'y': 0.0, 'z': 0.0}, 'end': {'x': 0.0, 'y': 0.0, 'z': 0.0}, 'radius': 0.5}|{'start': {'x': 0.0, 'y': 0.0, 'z': 0.0}, 'end': {'x': 0.0, 'y': 0.0, 'z': 0.0}, 'radius': 0.4}|{'start': {'x': 0.0, 'y': 0.2, 'z': -0.4}, 'end': {'x': 0.0, 'y': -0.45, 'z': 0.1}, 'radius': 1.0}|{'start': {'x': 0.0, 'y': 0.0, 'z': 0.0}, 'end': {'x': 0.0, 'y': 0.2, 'z': -0.3}, 'radius': 1.3}|{'start': {'x': 0.0, 'y': 0.17, 'z': 0.0}, 'end': {'x': 0.0, 'y': 0.0, 'z': -0.4}, 'radius': 1.1}|{'start': {'x': 0.0, 'y': -0.5, 'z': 0.0}, 'end': {'x': 0.0, 'y': -0.5, 'z': -0.4}, 'radius': 1.1}|{'start': {'x': 0.0, 'y': 0.0, 'z': -0.23}, 'end': {'x': 0.0, 'y': 0.0, 'z': -0.02}, 'radius': 1.5}|{'start': {'x': 0.0, 'y': -0.3, 'z': -0.23}, 'end': {'x': 0.0, 'y': -0.3, 'z': -0.4}, 'radius': 1.0}",,,,,,,,,,,,
23,CATCH(305004640),NONE(1996289920),FRONT(0),0.0,45.0,0.0,SKILL_GUARD(3),40.0,AUTO(-1149658496),NONE(-94023312),NONE(0),0,0.0,NONE(1220034176),False,0.0,True,0.0,0.0,NONE(0),0.0,0.0,PRIO_8(7),ATTACK_FIRST(0),False,False,AUTO(-1072110528),0,[],1.0,00000000-0000-0000-0000-000000000000,0.0,DEFAULT(0),False,False,False,False,False,False,False,False,False,False,False,False,0.0,False,False,0.0,False,0.0,1.0,NONE(0),AUTO(1006222464),False,False,NONE(3),,0.0,0.0,拘束攻撃,,拘束攻撃,|||,19,,0,|||,L_Foot0|L_Foot1|R_Foot0|R_Foot1,L_Foot1|L_Foot2|R_Foot1|R_Foot2,Capsule|Capsule|Capsule|Capsule,"{'start': {'x': 0.0, 'y': 0.1, 'z': 0.15}, 'end': {'x': 0.0, 'y': -0.05, 'z': 0.0}, 'radius': 0.7}|{'start': {'x': 0.0, 'y': 0.2, 'z': -0.4}, 'end': {'x': 0.0, 'y': -0.45, 'z': 0.1}, 'radius': 1.3}|{'start': {'x': 0.0, 'y': 0.1, 'z': 0.15}, 'end': {'x': 0.0, 'y': -0.05, 'z': 0.0}, 'radius': 0.7}|{'start': {'x': 0.0, 'y': 0.2, 'z': -0.4}, 'end': {'x': 0.0, 'y': -0.45, 'z': 0.1}, 'radius': 1.3}",,,,,,,,,,,,
24,SMASH(21),NONE(1996289920),FRONT(0),0.0,60.0,0.0,NORMAL(0),40.0,AUTO(-1149658496),NONE(-94023312),NONE(0),0,0.0,POISON(1990626048),False,20.0,True,0.0,60.0,NONE(0),0.0,0.0,PRIO_8(7),ATTACK_FIRST(0),False,False,AUTO(-1072110528),0,[],1.0,e6efdf8d-2c0d-4131-a0bf-0ba076544144,0.0,DEFAULT(0),False,False,False,False,False,False,False,False,False,False,False,False,0.0,True,False,0.0,False,0.0,1.0,NONE(0),AUTO(1006222464),False,False,NONE(3),,0.0,0.0,レウスキック（組技用）,,レウスキック（組技用）,|||,15,,0,|||,L_Foot0|L_Foot1|R_Foot0|R_Foot1,L_Foot1|L_Foot2|R_Foot1|R_Foot2,Capsule|Capsule|Capsule|Capsule,"{'start': {'x': 0.0, 'y': 0.1, 'z': 0.15}, 'end': {'x': 0.0, 'y': -0.05, 'z': 0.0}, 'radius': 0.7}|{'start': {'x': 0.0, 'y': 0.2, 'z': -0.4}, 'end': {'x': 0.0, 'y': -0.45, 'z': 0.1}, 'radius': 1.3}|{'start': {'x': 0.0, 'y': 0.1, 'z': 0.15}, 'end': {'x': 0.0, 'y': -0.05, 'z': 0.0}, 'radius': 0.7}|{'start': {'x': 0.0, 'y': 0.2, 'z': -0.4}, 'end': {'x': 0.0, 'y': -0.45, 'z': 0.1}, 'radius': 1.3}",,,,,,,,,,,,
25,SMASH(21),NONE(1996289920),FRONT(0),0.0,20.0,0.0,NORMAL(0),30.0,AUTO(-1149658496),NONE(-94023312),NONE(0),0,0.0,NONE(1220034176),False,0.0,True,0.0,20.0,NONE(0),0.0,0.0,PRIO_8(7),ATTACK_FIRST(0),False,False,AUTO(-1072110528),0,[],1.0,00000000-0000-0000-0000-000000000000,0.0,DEFAULT(0),False,False,True,True,False,False,False,False,False,False,False,False,0.0,False,False,0.0,False,0.0,1.0,NONE(0),AUTO(1006222464),False,False,NONE(3),,0.0,0.0,ジャンプ用ダメージなしアタリ,,ジャンプ用ダメージなしアタリ,|||||||||||||||,14,,0,|||||||||||||||,Head|Jaw|Neck0|Spine0|Neck0|Spine0|Tail0|L_LegU0|L_LegL0|L_Foot0|L_Foot1|R_LegU0|R_LegL0|R_Foot0|R_Foot1|Tail1,Head|Jaw|Spine0|Tail0|Spine0|Tail0|Tail0|L_LegU1|L_Foot0|L_Foot1|L_Foot2|R_LegU1|R_Foot0|R_Foot1|R_Foot2|Tail2,Capsule|Capsule|Capsule|Capsule|Capsule|Capsule|Sphere|Capsule|Capsule|Capsule|Capsule|Capsule|Capsule|Capsule|Capsule|Capsule,"{'start': {'x': 0.0, 'y': -0.09, 'z': 0.98}, 'end': {'x': 0.0, 'y': 0.39, 'z': 0.12}, 'radius': 1.0}|{'start': {'x': 0.0, 'y': -0.22, 'z': 0.64}, 'end': {'x': 0.0, 'y': -0.27, 'z': -0.36}, 'radius': 1.0}|{'start': {'x': 0.0, 'y': 0.15, 'z': -0.63}, 'end': {'x': 0.0, 'y': -0.12, 'z': 0.0}, 'radius': 2.0}|{'start': {'x': 0.0, 'y': -0.12, 'z': 0.0}, 'end': {'x': 0.0, 'y': -0.3, 'z': 0.28}, 'radius': 2.0}|{'start': {'x': 0.0, 'y': 0.54, 'z': -0.63}, 'end': {'x': 0.0, 'y': 0.84, 'z': 0.0}, 'radius': 1.5}|{'start': {'x': 0.0, 'y': 0.84, 'z': 0.0}, 'end': {'x': 0.0, 'y': 0.69, 'z': 0.0}, 'radius': 1.5}|{'x': 0.0, 'y': 0.26, 'z': -1.62, 'radius': 1.5}|{'start': {'x': 0.0, 'y': 0.0, 'z': -0.4}, 'end': {'x': 0.0, 'y': 0.0, 'z': 0.2}, 'radius': 0.7}|{'start': {'x': 0.0, 'y': 0.0, 'z': 0.2}, 'end': {'x': 0.0, 'y': 0.1, 'z': 0.15}, 'radius': 0.5}|{'start': {'x': 0.0, 'y': 0.1, 'z': 0.15}, 'end': {'x': 0.0, 'y': -0.05, 'z': 0.0}, 'radius': 0.5}|{'start': {'x': 0.0, 'y': 0.2, 'z': -0.4}, 'end': {'x': 0.0, 'y': -0.45, 'z': 0.1}, 'radius': 0.8}|{'start': {'x': 0.0, 'y': 0.0, 'z': -0.4}, 'end': {'x': 0.0, 'y': 0.0, 'z': 0.2}, 'radius': 0.7}|{'start': {'x': 0.0, 'y': 0.0, 'z': 0.2}, 'end': {'x': 0.0, 'y': 0.1, 'z': 0.15}, 'radius': 0.5}|{'start': {'x': 0.0, 'y': 0.1, 'z': 0.15}, 'end': {'x': 0.0, 'y': -0.05, 'z': 0.0}, 'radius': 0.5}|{'start': {'x': 0.0, 'y': 0.2, 'z': -0.4}, 'end': {'x': 0.0, 'y': -0.45, 'z': 0.1}, 'radius': 0.8}|{'start': {'x': 0.0, 'y': 0.7, 'z': 0.0}, 'end': {'x': 0.0, 'y': 0.7, 'z': 0.0}, 'radius': 1.0}",,,,,,,,,,,,
26,SMASH_SMALL(-1838723072),NONE(1996289920),CENTER(6),0.0,30.0,0.0,NORMAL(0),20.0,AUTO(-1149658496),NONE(-94023312),NONE(0),0,0.0,NONE(1220034176),False,0.0,True,0.0,0.0,NONE(0),0.0,0.0,PRIO_8(7),ATTACK_FIRST(0),False,False,AUTO(-1072110528),0,[],1.0,00000000-0000-0000-0000-000000000000,0.0,DEFAULT(0),False,False,False,False,False,False,False,False,False,False,False,False,0.0,False,False,0.0,False,0.0,1.0,NONE(0),AUTO(1006222464),False,False,NONE(3),,0.0,0.0,乗りぶつけ,,乗りぶつけ,|||||||||||||||,12,,0,|||||||||||||||,Head|Jaw|Neck0|Spine0|Neck0|Spine0|Tail0|L_LegU0|L_LegL0|L_Foot0|L_Foot1|R_LegU0|R_LegL0|R_Foot0|R_Foot1|Tail0,Head|Jaw|Spine0|Tail0|Spine0|Tail0|Tail0|L_LegU1|L_Foot0|L_Foot1|L_Foot2|R_LegU1|R_Foot0|R_Foot1|R_Foot2|Tail1,Capsule|Capsule|Capsule|Capsule|Capsule|Capsule|Sphere|Capsule|Capsule|Capsule|Capsule|Capsule|Capsule|Capsule|Capsule|Capsule,"{'start': {'x': 0.0, 'y': -0.09, 'z': 0.98}, 'end': {'x': 0.0, 'y': 0.39, 'z': 0.12}, 'radius': 1.0}|{'start': {'x': 0.0, 'y': -0.22, 'z': 0.64}, 'end': {'x': 0.0, 'y': -0.27, 'z': -0.36}, 'radius': 1.0}|{'start': {'x': 0.0, 'y': 0.15, 'z': -0.63}, 'end': {'x': 0.0, 'y': -0.12, 'z': 0.0}, 'radius': 2.0}|{'start': {'x': 0.0, 'y': -0.12, 'z': 0.0}, 'end': {'x': 0.0, 'y': -0.3, 'z': 0.28}, 'radius': 2.0}|{'start': {'x': 0.0, 'y': 0.54, 'z': -0.63}, 'end': {'x': 0.0, 'y': 0.84, 'z': 0.0}, 'radius': 1.5}|{'start': {'x': 0.0, 'y': 0.84, 'z': 0.0}, 'end': {'x': 0.0, 'y': 0.69, 'z': 0.0}, 'radius': 1.5}|{'x': 0.0, 'y': 0.26, 'z': -1.62, 'radius': 1.5}|{'start': {'x': 0.0, 'y': 0.0, 'z': 0.0}, 'end': {'x': 0.0, 'y': 0.0, 'z': 0.0}, 'radius': 0.7}|{'start': {'x': 0.0, 'y': 0.0, 'z': 0.0}, 'end': {'x': 0.0, 'y': 0.1, 'z': 0.0}, 'radius': 0.5}|{'start': {'x': 0.0, 'y': 0.0, 'z': 0.0}, 'end': {'x': 0.0, 'y': 0.0, 'z': 0.0}, 'radius': 0.5}|{'start': {'x': 0.0, 'y': 0.2, 'z': -0.4}, 'end': {'x': 0.0, 'y': -0.45, 'z': 0.1}, 'radius': 0.8}|{'start': {'x': 0.0, 'y': 0.0, 'z': 0.0}, 'end': {'x': 0.0, 'y': 0.0, 'z': 0.0}, 'radius': 0.7}|{'start': {'x': 0.0, 'y': 0.0, 'z': 0.0}, 'end': {'x': 0.0, 'y': 0.0, 'z': 0.0}, 'radius': 0.5}|{'start': {'x': 0.0, 'y': 0.0, 'z': 0.0}, 'end': {'x': 0.0, 'y': 0.0, 'z': 0.0}, 'radius': 0.5}|{'start': {'x': 0.0, 'y': 0.2, 'z': -0.4}, 'end': {'x': 0.0, 'y': -0.45, 'z': 0.1}, 'radius': 0.8}|{'start': {'x': 0.0, 'y': 0.0, 'z': 0.0}, 'end': {'x': 0.0, 'y': 0.2, 'z': -0.3}, 'radius': 1.2}",,,,,,,,,,,,
27,SMASH_MIDDLE(20),CAPTURE_NET(-956543104),CENTER(6),0.0,60.0,0.0,NORMAL(0),30.0,AUTO(-1149658496),NONE(-94023312),NONE(0),0,0.0,NONE(1220034176),False,0.0,True,0.0,20.0,NONE(0),0.0,0.0,PRIO_8(7),ATTACK_FIRST(0),False,False,AUTO(-1072110528),0,[],1.0,00000000-0000-0000-0000-000000000000,0.0,DEFAULT(0),False,False,False,False,False,False,False,False,False,False,False,False,0.0,False,False,0.0,False,0.0,1.0,NONE(0),AUTO(1006222464),False,False,NONE(3),,0.0,0.0,空中前進かみつき,,空中前進噛みつき,|,8,,0,|,Head|Jaw,Head|Jaw,Capsule|Capsule,"{'start': {'x': 0.0, 'y': -0.09, 'z': 0.98}, 'end': {'x': 0.0, 'y': 0.39, 'z': 0.12}, 'radius': 1.0}|{'start': {'x': 0.0, 'y': -0.22, 'z': 0.64}, 'end': {'x': 0.0, 'y': -0.27, 'z': -0.36}, 'radius': 1.0}",,,,,,,,,,,,
28,SLIP(22),NONE(1996289920),FRONT(0),0.0,10.0,0.0,NORMAL(0),30.0,AUTO(-1149658496),NONE(-94023312),FIRE(1),0,25.0,FIRE(-241644512),False,0.0,True,0.0,0.0,NONE(0),0.0,0.0,PRIO_8(7),ATTACK_FIRST(0),False,False,AUTO(-1072110528),0,[],1.0,00000000-0000-0000-0000-000000000000,0.0,DEFAULT(0),False,False,False,False,False,False,False,False,False,False,False,False,0.0,False,False,0.0,False,0.0,1.0,NONE(0),AUTO(1006222464),False,False,NONE(3),,0.0,0.0,（疲れ用）火球かすれ,,（疲れ用）火球かすれ,,13,,0,,L_Lip,R_Lip,Sphere,"{'x': -0.20000002, 'y': -0.6, 'z': -0.39999998, 'radius': 1.0}",,,,,,,,,,,,
29,PREY_CONST(15),NONE(1996289920),FRONT(0),0.0,0.0,0.0,NORMAL(0),0.0,AUTO(-1149658496),NONE(-94023312),NONE(0),0,0.0,NONE(1220034176),False,0.0,True,0.0,0.0,NONE(0),0.0,0.0,PRIO_8(7),ATTACK_FIRST(0),False,False,AUTO(-1072110528),0,[],1.0,00000000-0000-0000-0000-000000000000,0.0,DEFAULT(0),False,False,False,False,False,False,False,False,False,False,False,False,0.0,False,False,0.0,False,0.0,1.0,NONE(0),AUTO(1006222464),False,False,NONE(3),,0.0,0.0,捕食攻撃,,空中攻撃　(捕食),|||,19,,0,|||,L_Foot0|L_Foot1|R_Foot0|R_Foot1,L_Foot1|L_Foot2|R_Foot1|R_Foot2,Capsule|Capsule|Capsule|Capsule,"{'start': {'x': 0.0, 'y': 0.1, 'z': 0.15}, 'end': {'x': 0.0, 'y': -0.05, 'z': 0.0}, 'radius': 0.7}|{'start': {'x': 0.0, 'y': 0.2, 'z': -0.4}, 'end': {'x': 0.0, 'y': -0.45, 'z': 0.1}, 'radius': 1.3}|{'start': {'x': 0.0, 'y': 0.1, 'z': 0.15}, 'end': {'x': 0.0, 'y': -0.05, 'z': 0.0}, 'radius': 0.7}|{'start': {'x': 0.0, 'y': 0.2, 'z': -0.4}, 'end': {'x': 0.0, 'y': -0.45, 'z': 0.1}, 'radius': 1.3}",,,,,,,,,,,,
,,,,,,,,,,,,,,,,,,,,,,,,,,,,,,,,,,,,,,,,,,,,,,,,,,,,,,,,,,,,,,,,,,,,,,,,,,,,,,,,,,,,
Em0002_00_Body,,,,,,,,,,,,,,,,,,,,,,,,,,,,,,,,,,,,,,,,,,,,,,,,,,,,,,,,,,,,,,,,,,,,,,,,,,,,,,,,,,,,
100,,,,,,,,,,,,,,,,,,,,,,,PRIO_8(7),,,,,,,,,,,,,,,,,,,,,,,,,,,,,,,,,,,,,,音反応,SoundReaction,音反応,,0,,0,,Hip,,Sphere,"{'x': 0.0, 'y': 0.0, 'z': 0.0, 'radius': 4.0}",False,False,"{'app.col_user_data.DamageParamEm.cParts': {'_Category': '[0]PARTS', '_PartsDataGuid': '00000000-0000-0000-0000-000000000000'}}",,,,,,,,,
0,,,,,,,,,,,,,,,,,,,,,,,PRIO_8(7),,,,,,,,,,,,,,,,,,,,,,,,,,,,,,,,,,,,,,頭,Head,頭,|||,1,,0,|||,Head|Head|Jaw|Jaw,Head|Head|Jaw|Jaw,Capsule|Capsule|Capsule|Capsule,"{'start': {'x': 0.0, 'y': -0.28999996, 'z': 0.98}, 'end': {'x': 0.45, 'y': 0.5999999, 'z': -0.3000002}, 'radius': 0.8}|{'start': {'x': 0.0, 'y': -0.29, 'z': 0.98}, 'end': {'x': -0.45, 'y': 0.6, 'z': -0.3}, 'radius': 0.8}|{'start': {'x': 0.0, 'y': -0.22, 'z': 1.0}, 'end': {'x': 0.0, 'y': -0.27, 'z': -0.36}, 'radius': 1.0}|{'start': {'x': 0.0, 'y': 0.0, 'z': 1.5}, 'end': {'x': 0.0, 'y': -1.0, 'z': -0.36}, 'radius': 1.2}",False,False,"{'app.col_user_data.DamageParamEm.cParts': {'_Category': '[0]PARTS', '_PartsDataGuid': '31b6d89d-a3de-41bd-b18a-22a2faa7827a'}}",,,,,,,,,
1,,,,,,,,,,,,,,,,,,,,,,,PRIO_8(7),,,,,,,,,,,,,,,,,,,,,,,,,,,,,,,,,,,,,,胴,Body,胴,|||,3,,0,|||,Neck0|Spine0|Neck0|Spine0,Spine0|Tail0|Spine0|Tail0,Capsule|Capsule|Capsule|Capsule,"{'start': {'x': 0.0, 'y': 0.15, 'z': -0.63}, 'end': {'x': 0.0, 'y': -0.12, 'z': 0.0}, 'radius': 1.2}|{'start': {'x': 0.0, 'y': -0.12, 'z': 0.0}, 'end': {'x': 0.0, 'y': -0.3, 'z': 0.28}, 'radius': 1.2}|{'start': {'x': 0.0, 'y': 0.54, 'z': -0.63}, 'end': {'x': 0.0, 'y': 0.84, 'z': 0.0}, 'radius': 1.3}|{'start': {'x': 0.0, 'y': 0.84, 'z': 0.0}, 'end': {'x': 0.0, 'y': 0.69, 'z': 0.0}, 'radius': 1.3}",False,False,"{'app.col_user_data.DamageParamEm.cParts': {'_Category': '[0]PARTS', '_PartsDataGuid': '538804c9-c16e-4777-904a-0d386b2e9798'}}",,,,,,,,,
2,,,,,,,,,,,,,,,,,,,,,,,PRIO_8(7),,,,,,,,,,,,,,,,,,,,,,,,,,,,,,,,,,,,,,左翼,WingLeft,左翼,|||||||||||||||||||,4,,0,|||||||||||||||||||,L_WingU0|L_WingU1|L_HandW0|L_IndexW2|L_HandW0|L_MiddleW2|L_HandW0|L_RingW2|L_HandW0|L_PinkyW2|L_WingU1|L_AddW3_1|L_AddW3_1|L_HandW0|L_HandW0|L_HandW0|L_WingU1|L_WingU0|L_WingU1|L_ThumbW0,L_WingU1|L_HandW0|L_IndexW2|L_IndexW4_CH_end|L_MiddleW2|L_MiddleW4_CH_end|L_RingW2|L_RingW4_CH_end|L_PinkyW2|L_PinkyW4_CH_end|L_AddW3_1|L_PinkyW4_CH_end|L_AddW3_2_CH_end|L_AddW0_1|L_AddW1_1|L_AddW2_1|L_PinkyW2|L_AddW3_2_CH_end|Tail1|L_ThumbW0,Capsule|Capsule|Capsule|Capsule|Capsule|Capsule|Capsule|Capsule|Capsule|Capsule|Capsule|Capsule|Capsule|Capsule|Capsule|Capsule|Capsule|Capsule|Capsule|Capsule,"{'start': {'x': 0.0, 'y': -0.5, 'z': 0.0}, 'end': {'x': 0.0, 'y': -0.5, 'z': 0.0}, 'radius': 1.0}|{'start': {'x': 0.0, 'y': -0.5, 'z': 0.0}, 'end': {'x': 0.0, 'y': -0.5, 'z': 0.0}, 'radius': 1.0}|{'start': {'x': 0.6951, 'y': -0.5, 'z': 0.5156}, 'end': {'x': 0.0, 'y': -0.5, 'z': 0.0}, 'radius': 1.0}|{'start': {'x': 0.0, 'y': -0.5, 'z': 0.0}, 'end': {'x': 0.0, 'y': -0.5, 'z': 0.0}, 'radius': 1.0}|{'start': {'x': 0.3, 'y': -0.5, 'z': 0.38}, 'end': {'x': 0.0, 'y': -0.5, 'z': 0.0}, 'radius': 1.0}|{'start': {'x': 0.0, 'y': -0.5, 'z': 0.0}, 'end': {'x': 0.0, 'y': -0.5, 'z': 0.0}, 'radius': 1.0}|{'start': {'x': 0.48, 'y': -0.5, 'z': 0.1}, 'end': {'x': 0.0, 'y': -0.5, 'z': 0.0}, 'radius': 1.0}|{'start': {'x': 0.0, 'y': -0.5, 'z': 0.0}, 'end': {'x': 0.0, 'y': -0.5, 'z': 0.0}, 'radius': 1.0}|{'start': {'x': 0.0, 'y': -0.5, 'z': 0.0}, 'end': {'x': 0.0, 'y': -0.5, 'z': 0.0}, 'radius': 1.0}|{'start': {'x': 0.0, 'y': -0.5, 'z': 0.0}, 'end': {'x': 0.0, 'y': -0.5, 'z': 0.0}, 'radius': 1.0}|{'start': {'x': 0.0, 'y': -0.5, 'z': 0.0}, 'end': {'x': 0.0, 'y': -0.5, 'z': 0.0}, 'radius': 1.0}|{'start': {'x': 0.0, 'y': -0.5, 'z': 0.0}, 'end': {'x': 0.0, 'y': -0.5, 'z': 0.0}, 'radius': 1.0}|{'start': {'x': 0.0, 'y': -0.5, 'z': 0.0}, 'end': {'x': 0.0, 'y': -0.5, 'z': 0.0}, 'radius': 1.0}|{'start': {'x': 0.0, 'y': -0.5, 'z': 0.0}, 'end': {'x': 0.0, 'y': -0.5, 'z': -2.6}, 'radius': 1.0}|{'start': {'x': 0.0, 'y': -0.5, 'z': 0.0}, 'end': {'x': 0.0, 'y': -0.5, 'z': -3.1}, 'radius': 1.0}|{'start': {'x': 0.0, 'y': -0.5, 'z': 0.0}, 'end': {'x': 0.0, 'y': -0.5, 'z': -2.8}, 'radius': 1.0}|{'start': {'x': 0.0, 'y': -0.5, 'z': 0.0}, 'end': {'x': 0.0, 'y': -0.5, 'z': 0.0}, 'radius': 1.0}|{'start': {'x': 0.0, 'y': -0.5, 'z': 0.0}, 'end': {'x': 0.0, 'y': -0.5, 'z': 0.4}, 'radius': 1.0}|{'start': {'x': 0.0, 'y': -0.5, 'z': 0.0}, 'end': {'x': 0.0, 'y': -0.5, 'z': 0.0}, 'radius': 1.0}|{'start': {'x': 0.0, 'y': -0.5, 'z': 0.0}, 'end': {'x': -0.15, 'y': -0.5, 'z': 1.0}, 'radius': 1.0}",False,False,"{'app.col_user_data.DamageParamEm.cParts': {'_Category': '[0]PARTS', '_PartsDataGuid': 'f7fc1be2-2538-41b0-881b-9c68f4a57839'}}",,,,,,,,,
3,,,,,,,,,,,,,,,,,,,,,,,PRIO_8(7),,,,,,,,,,,,,,,,,,,,,,,,,,,,,,,,,,,,,,右翼,WingRight,右翼,|||||||||||||||||||,5,,0,|||||||||||||||||||,R_WingU0|R_WingU1|R_HandW0|R_IndexW2|R_HandW0|R_MiddleW2|R_HandW0|R_RingW2|R_HandW0|R_PinkyW2|R_WingU1|R_AddW3_1|R_AddW3_1|R_HandW0|R_HandW0|R_HandW0|R_WingU1|R_WingU0|R_WingU1|R_ThumbW0,R_WingU1|R_HandW0|R_IndexW2|R_IndexW4_CH_end|R_MiddleW2|R_MiddleW4_CH_end|R_RingW2|R_RingW4_CH_end|R_PinkyW2|R_PinkyW4_CH_end|R_AddW3_1|R_PinkyW4_CH_end|R_AddW3_2_CH_end|R_AddW0_1|R_AddW1_1|R_AddW2_1|R_PinkyW2|R_AddW3_2_CH_end|Tail1|R_ThumbW0,Capsule|Capsule|Capsule|Capsule|Capsule|Capsule|Capsule|Capsule|Capsule|Capsule|Capsule|Capsule|Capsule|Capsule|Capsule|Capsule|Capsule|Capsule|Capsule|Capsule,"{'start': {'x': 0.0, 'y': -0.5, 'z': 0.0}, 'end': {'x': 0.0, 'y': -0.5, 'z': 0.0}, 'radius': 1.0}|{'start': {'x': 0.0, 'y': -0.5, 'z': 0.0}, 'end': {'x': 0.0, 'y': -0.5, 'z': 0.0}, 'radius': 1.0}|{'start': {'x': -0.6951003, 'y': -0.5, 'z': 0.51559985}, 'end': {'x': 0.0, 'y': -0.5, 'z': 0.0}, 'radius': 1.0}|{'start': {'x': 0.0, 'y': -0.5, 'z': 0.0}, 'end': {'x': 0.0, 'y': -0.5, 'z': 0.0}, 'radius': 1.0}|{'start': {'x': -0.3000002, 'y': -0.5, 'z': 0.3800001}, 'end': {'x': -4.7683716e-07, 'y': -0.50000024, 'z': -9.536743e-07}, 'radius': 1.0}|{'start': {'x': -4.7683716e-07, 'y': -0.50000024, 'z': -9.536743e-07}, 'end': {'x': 4.7683716e-07, 'y': -0.49999976, 'z': 0.0}, 'radius': 1.0}|{'start': {'x': -0.48000002, 'y': -0.5, 'z': 0.10000014}, 'end': {'x': 4.7683716e-07, 'y': -0.50000024, 'z': 0.0}, 'radius': 1.0}|{'start': {'x': 4.7683716e-07, 'y': -0.50000024, 'z': 0.0}, 'end': {'x': -4.7683716e-07, 'y': -0.5, 'z': 0.0}, 'radius': 1.0}|{'start': {'x': 0.0, 'y': -0.5, 'z': 0.0}, 'end': {'x': 0.0, 'y': -0.5, 'z': 0.0}, 'radius': 1.0}|{'start': {'x': 0.0, 'y': -0.5, 'z': 0.0}, 'end': {'x': 0.0, 'y': -0.5, 'z': 0.0}, 'radius': 1.0}|{'start': {'x': 0.0, 'y': -0.5, 'z': 0.0}, 'end': {'x': 0.0, 'y': -0.5, 'z': 0.0}, 'radius': 1.0}|{'start': {'x': 0.0, 'y': -0.5, 'z': 0.0}, 'end': {'x': 0.0, 'y': -0.5, 'z': 0.0}, 'radius': 1.0}|{'start': {'x': 0.0, 'y': -0.5, 'z': 0.0}, 'end': {'x': 0.0, 'y': -0.5, 'z': 0.0}, 'radius': 1.0}|{'start': {'x': 0.0, 'y': -0.5, 'z': 0.0}, 'end': {'x': 0.0040512085, 'y': -0.4995749, 'z': -2.600833}, 'radius': 1.0}|{'start': {'x': 0.0, 'y': -0.5, 'z': 0.0}, 'end': {'x': -4.7683716e-07, 'y': -0.5, 'z': -3.0999994}, 'radius': 1.0}|{'start': {'x': 0.0, 'y': -0.5, 'z': 0.0}, 'end': {'x': 0.017979145, 'y': -0.5, 'z': -2.799972}, 'radius': 1.0}|{'start': {'x': 0.0, 'y': -0.5, 'z': 0.0}, 'end': {'x': 0.0, 'y': -0.5, 'z': 0.0}, 'radius': 1.0}|{'start': {'x': 0.0, 'y': -0.5, 'z': 0.0}, 'end': {'x': 0.0, 'y': -0.5, 'z': 0.39999986}, 'radius': 1.0}|{'start': {'x': 0.0, 'y': -0.5, 'z': 0.0}, 'end': {'x': 0.0, 'y': -0.5, 'z': 0.0}, 'radius': 1.0}|{'start': {'x': 0.0, 'y': -0.5, 'z': 0.0}, 'end': {'x': 0.1500001, 'y': -0.5, 'z': 0.9999995}, 'radius': 1.0}",False,False,"{'app.col_user_data.DamageParamEm.cParts': {'_Category': '[0]PARTS', '_PartsDataGuid': '2e4dfac6-786f-419f-be2b-51f98f030c3a'}}",,,,,,,,,
4,,,,,,,,,,,,,,,,,,,,,,,PRIO_8(7),,,,,,,,,,,,,,,,,,,,,,,,,,,,,,,,,,,,,,左脚,LegLeft,左脚,||||,6,,0,||||,L_LegU0|L_LegU1|L_Foot0|L_Foot1|L_Foot1,L_LegU1|L_Foot0|L_Foot1|L_Foot2|L_Foot2,Capsule|Capsule|Capsule|Capsule|Capsule,"{'start': {'x': 0.0, 'y': 0.0, 'z': -0.4}, 'end': {'x': 0.0, 'y': 0.0, 'z': 0.2}, 'radius': 0.6}|{'start': {'x': 0.0, 'y': 0.0, 'z': 0.2}, 'end': {'x': 0.0, 'y': 0.1, 'z': 0.15}, 'radius': 0.4}|{'start': {'x': 0.0, 'y': 0.1, 'z': 0.15}, 'end': {'x': 0.0, 'y': -0.05, 'z': 0.0}, 'radius': 0.4}|{'start': {'x': 0.0, 'y': 0.20000008, 'z': -0.40000015}, 'end': {'x': -0.008314192, 'y': -1.53, 'z': 0.85}, 'radius': 1.2}|{'start': {'x': 0.0, 'y': 0.0, 'z': -0.9}, 'end': {'x': 0.0, 'y': -1.86, 'z': 0.4}, 'radius': 1.2}",False,False,"{'app.col_user_data.DamageParamEm.cParts': {'_Category': '[0]PARTS', '_PartsDataGuid': 'cbe4009b-8fc4-4c8c-9c44-156857a37ec9'}}",,,,,,,,,
5,,,,,,,,,,,,,,,,,,,,,,,PRIO_8(7),,,,,,,,,,,,,,,,,,,,,,,,,,,,,,,,,,,,,,右脚,LegRight,右脚,||||,7,,0,||||,R_LegU0|R_LegU1|R_Foot0|R_Foot1|R_Foot1,R_LegU1|R_Foot0|R_Foot1|R_Foot2|R_Foot2,Capsule|Capsule|Capsule|Capsule|Capsule,"{'start': {'x': 0.0, 'y': 0.0, 'z': -0.4}, 'end': {'x': 0.0, 'y': 0.0, 'z': 0.2}, 'radius': 0.6}|{'start': {'x': 0.0, 'y': 0.0, 'z': 0.2}, 'end': {'x': 0.0, 'y': 0.1, 'z': 0.15}, 'radius': 0.4}|{'start': {'x': 0.0, 'y': 0.1, 'z': 0.15}, 'end': {'x': 0.0, 'y': -0.05, 'z': 0.0}, 'radius': 0.4}|{'start': {'x': 0.0, 'y': 0.2, 'z': -0.4}, 'end': {'x': 0.0, 'y': -1.53, 'z': 0.85}, 'radius': 1.2}|{'start': {'x': 0.0, 'y': 0.0, 'z': -0.9}, 'end': {'x': 0.0, 'y': -1.86, 'z': 0.4}, 'radius': 1.2}",False,False,"{'app.col_user_data.DamageParamEm.cParts': {'_Category': '[0]PARTS', '_PartsDataGuid': 'ceb6c344-61a4-47f0-955a-440c76a80ea8'}}",,,,,,,,,
6,,,,,,,,,,,,,,,,,,,,,,,PRIO_8(7),,,,,,,,,,,,,,,,,,,,,,,,,,,,,,,,,,,,,,尻尾,Tail,尻尾,||||,8,,0,||||,Tail0|Tail2|Tail2|Tail4|Tail5,Tail0|Tail3|Tail3|Tail5|Tail6,Capsule|Capsule|Capsule|Capsule|Capsule,"{'start': {'x': 0.0, 'y': 0.26, 'z': -1.62}, 'end': {'x': 0.0, 'y': -0.24, 'z': -1.62}, 'radius': 1.5}|{'start': {'x': 0.0, 'y': 0.17, 'z': 0.0}, 'end': {'x': 0.0, 'y': 0.0, 'z': -0.4}, 'radius': 1.1}|{'start': {'x': 0.0, 'y': -0.5, 'z': 0.0}, 'end': {'x': 0.0, 'y': -0.5, 'z': -0.4}, 'radius': 1.1}|{'start': {'x': 0.0, 'y': 0.0, 'z': -0.23}, 'end': {'x': 0.0, 'y': 0.0, 'z': -0.02}, 'radius': 1.5}|{'start': {'x': 0.0, 'y': -0.3, 'z': -0.23}, 'end': {'x': 0.0, 'y': -0.3, 'z': -0.4}, 'radius': 1.0}",False,False,"{'app.col_user_data.DamageParamEm.cParts': {'_Category': '[0]PARTS', '_PartsDataGuid': '5b12e4c5-854d-4731-82fa-586536b8d9e4'}}",,,,,,,,,
7,,,,,,,,,,,,,,,,,,,,,,,PRIO_8(7),,,,,,,,,,,,,,,,,,,,,,,,,,,,,,,,,,,,,,首,Neck,首,||,2,,0,||,Neck1|Neck1|Neck2,Neck0|Neck0|Neck1,Capsule|Capsule|Capsule,"{'start': {'x': 0.0, 'y': 0.2, 'z': 0.0}, 'end': {'x': 0.0, 'y': 0.2, 'z': 0.0}, 'radius': 1.0}|{'start': {'x': 0.0, 'y': 0.2, 'z': 0.0}, 'end': {'x': 0.0, 'y': 0.2, 'z': 0.0}, 'radius': 1.5}|{'start': {'x': 0.0, 'y': -0.52, 'z': 0.0}, 'end': {'x': 0.0, 'y': -0.52, 'z': 0.0}, 'radius': 1.2}",False,False,"{'app.col_user_data.DamageParamEm.cParts': {'_Category': '[0]PARTS', '_PartsDataGuid': '419b491e-ffa2-4ae7-a8a3-90d02743ee63'}}",,,,,,,,,
8,,,,,,,,,,,,,,,,,,,,,,,PRIO_15(0),,,,,,,,,,,,,,,,,,,,,,,,,,,,,,,,,,,,,,急所,WeakPoint,急所,,9,,0,,Tongue0,,Sphere,"{'x': 0.0, 'y': 0.0, 'z': 0.0, 'radius': 1.0}",False,False,"{'app.col_user_data.DamageParamEm.cParts': {'_Category': '[1]WEAK_POINT', '_PartsDataGuid': 'b15fc9c6-32cf-4f67-8dc7-ba9525a588e6'}}",,,,,,,,,
9,,,,,,,,,,,,,,,,,,,,,,,,,,,,,,,,,,,,,,,,,,,,,,,,,,,,,,,,,,,,,押し_頭,Push_Head,BOSS_M,||||,11,,0,||||,Head|Head|Jaw|Neck1|Neck3,Head|Head|Jaw|Neck0|Neck2,Capsule|Capsule|Capsule|Capsule|Capsule,"{'start': {'x': 0.0, 'y': 0.0, 'z': 0.29999992}, 'end': {'x': 0.0, 'y': -7.4505806e-08, 'z': 0.0}, 'radius': 0.85}|{'start': {'x': 0.0, 'y': 0.0, 'z': 1.4000001}, 'end': {'x': 0.0, 'y': 0.09999993, 'z': 0.9999999}, 'radius': 0.45}|{'start': {'x': 0.0, 'y': -0.3, 'z': 1.0}, 'end': {'x': 0.0, 'y': -0.3, 'z': -0.3}, 'radius': 0.39999992}|{'start': {'x': 0.0, 'y': 0.0, 'z': 0.0}, 'end': {'x': 0.0, 'y': 0.1, 'z': 0.0}, 'radius': 0.79999995}|{'start': {'x': 0.0, 'y': 0.0, 'z': 0.0}, 'end': {'x': 0.0, 'y': 0.0, 'z': 0.0}, 'radius': 0.6999999}",,,,ENEMY_BOSS_M(4),,,,,,,,
10,,,,,,,,,,,,,,,,,,,,,,,,,,,,,,,,,,,,,,,,,,,,,,,,,,,,,,,,,,,,,押し_胴,Push_Body,BOSS_M,|||,12,,0,|||,Neck0|Spine0|Neck0|Spine0,Chest|Tail0|Chest|Tail0,Capsule|Capsule|Capsule|Capsule,"{'start': {'x': 0.0, 'y': -0.20000002, 'z': -0.4}, 'end': {'x': 0.0, 'y': -0.2, 'z': 0.0}, 'radius': 1.0}|{'start': {'x': 0.0, 'y': -0.1, 'z': 0.0}, 'end': {'x': 0.0, 'y': -0.3, 'z': 0.0}, 'radius': 1.1}|{'start': {'x': 0.0, 'y': 0.10000002, 'z': -0.4}, 'end': {'x': 0.0, 'y': 0.5, 'z': 0.0}, 'radius': 1.0999999}|{'start': {'x': 0.0, 'y': 0.5, 'z': 0.0}, 'end': {'x': 0.0, 'y': 0.20000002, 'z': 0.0}, 'radius': 1.0999999}",,,,ENEMY_BOSS_M(4),,,,,,,,
11,,,,,,,,,,,,,,,,,,,,,,,,,,,,,,,,,,,,,,,,,,,,,,,,,,,,,,,,,,,,,押し_尻尾,Push_Tail,BOSS_M,|||,13,,0,|||,Tail0|Tail2|Tail4|Tail6,Tail1|Tail3|Tail5|Tail6,Capsule|Capsule|Capsule|Capsule,"{'start': {'x': 0.0, 'y': 0.0, 'z': 0.0}, 'end': {'x': 0.0, 'y': 0.2, 'z': -0.3}, 'radius': 1.0999999}|{'start': {'x': 0.0, 'y': 0.1, 'z': 0.0}, 'end': {'x': 0.0, 'y': 0.0, 'z': -0.5}, 'radius': 0.6999999}|{'start': {'x': 0.0, 'y': 0.0, 'z': -0.5}, 'end': {'x': 0.0, 'y': 0.0, 'z': -0.4}, 'radius': 1.05}|{'start': {'x': 0.0, 'y': 0.0, 'z': 0.0}, 'end': {'x': 0.0, 'y': 0.0, 'z': -0.70000005}, 'radius': 0.4999999}",,,,ENEMY_BOSS_M(4),,,,,,,,
12,,,,,,,,,,,,,,,,,,,,,,,,,,,,,,,,,,,,,,,,,,,,,,,,,,,,,,,,,,,,,押し_脚,Push_Leg,BOSS_M,|||||||,14,,0,|||||||,L_LegU0|L_LegL0|L_Foot0|L_Foot1|R_LegU0|R_LegL0|R_Foot0|R_Foot1,L_LegU1|L_Foot0|L_Foot1|L_Foot2|R_LegU1|R_Foot0|R_Foot1|R_Foot2,Capsule|Capsule|Capsule|Capsule|Capsule|Capsule|Capsule|Capsule,"{'start': {'x': 0.0, 'y': 0.0, 'z': 0.0}, 'end': {'x': 0.0, 'y': 0.0, 'z': 0.0}, 'radius': 0.6}|{'start': {'x': 0.0, 'y': 0.0, 'z': 0.0}, 'end': {'x': 0.0, 'y': 0.0, 'z': 0.0}, 'radius': 0.4}|{'start': {'x': 0.0, 'y': 0.0, 'z': 0.0}, 'end': {'x': 0.0, 'y': 0.0, 'z': 0.0}, 'radius': 0.35}|{'start': {'x': 0.0, 'y': 0.0, 'z': 0.0}, 'end': {'x': 0.0, 'y': -0.3, 'z': 0.1}, 'radius': 0.39999992}|{'start': {'x': 0.0, 'y': 0.0, 'z': 0.0}, 'end': {'x': 0.0, 'y': 0.0, 'z': 0.0}, 'radius': 0.6}|{'start': {'x': 0.0, 'y': 0.0, 'z': 0.0}, 'end': {'x': 0.0, 'y': 0.0, 'z': 0.0}, 'radius': 0.4}|{'start': {'x': 0.0, 'y': 0.0, 'z': 0.0}, 'end': {'x': 0.0, 'y': 0.0, 'z': 0.0}, 'radius': 0.35}|{'start': {'x': 0.0, 'y': 0.0, 'z': 0.0}, 'end': {'x': 0.0, 'y': -0.3, 'z': 0.1}, 'radius': 0.4}",,,,ENEMY_BOSS_M(4),,,,,,,,
13,,,,,,,,,,,,,,,,,,,,,,,,,,,,,,,,,,,,,,,,,,,,,,,,,,,,,,,,,,,,,押し_敵同士,Push_Boss,BOSS_M,|,15,,0,|,Neck0|Head,Tail1|Head,Capsule|Capsule,"{'start': {'x': 0.0, 'y': 0.0, 'z': 0.0}, 'end': {'x': 0.0, 'y': 0.0, 'z': 0.0}, 'radius': 2.2}|{'start': {'x': 0.0, 'y': 0.0, 'z': 0.6}, 'end': {'x': 0.0, 'y': 0.20000002, 'z': -0.2000002}, 'radius': 0.90000004}",,,,ENEMY_BOSS_M(4),,,,,,,,
14,,,,,,,,,,,,,,,,,,,,,,,PRIO_15(0),,,,,,,,,,,,,,,,,,,,,,,,,,,,,,,,,,,,,,拘束弱点_口,Catch_WeakPoint,拘束弱点_口,,10,,0,,Tongue0,,Sphere,"{'x': 0.0, 'y': 0.0, 'z': 0.0, 'radius': 3.0}",False,False,"{'app.col_user_data.DamageParamEm.cParts': {'_Category': '[0]PARTS', '_PartsDataGuid': '31b6d89d-a3de-41bd-b18a-22a2faa7827a'}}",,,,,,,,,
,,,,,,,,,,,,,,,,,,,,,,,,,,,,,,,,,,,,,,,,,,,,,,,,,,,,,,,,,,,,,,,,,,,,,,,,,,,,,,,,,,,,
Em0002_00_Sensor,,,,,,,,,,,,,,,,,,,,,,,,,,,,,,,,,,,,,,,,,,,,,,,,,,,,,,,,,,,,,,,,,,,,,,,,,,,,,,,,,,,,
100,,,,,,,,,,,,,,,,,,,,,,,,,,,,,,,,,,,,,,,,,,,,,,,,,,,,,,,,,,,,,剥ぎ取り,Hagitori,ActBtnParam,||||||,0,,0,||||||,Head|Tail2|Tail4|Tail0|Tail0|Tail0|Tail0,Spine0|Tail4|Tail6|L_HandW0|L_IndexW2|R_HandW0|R_IndexW2,Capsule|Capsule|Capsule|Capsule|Capsule|Capsule|Capsule,"{'start': {'x': 0.0, 'y': 0.0, 'z': 0.0}, 'end': {'x': 0.0, 'y': 0.0, 'z': 0.0}, 'radius': 1.5}|{'start': {'x': 0.0, 'y': 0.0, 'z': 0.0}, 'end': {'x': 0.0, 'y': 0.0, 'z': 0.0}, 'radius': 1.3}|{'start': {'x': 0.0, 'y': 0.0, 'z': 0.0}, 'end': {'x': 0.0, 'y': 0.0, 'z': 0.0}, 'radius': 1.3}|{'start': {'x': 0.0, 'y': 0.0, 'z': 0.0}, 'end': {'x': 0.0, 'y': 0.0, 'z': 0.0}, 'radius': 1.8}|{'start': {'x': 0.0, 'y': 0.0, 'z': 0.0}, 'end': {'x': 0.0, 'y': 0.0, 'z': 0.0}, 'radius': 1.8}|{'start': {'x': 0.0, 'y': 0.0, 'z': 0.0}, 'end': {'x': 0.0, 'y': 0.0, 'z': 0.0}, 'radius': 1.8}|{'start': {'x': 0.0, 'y': 0.0, 'z': 0.0}, 'end': {'x': 0.0, 'y': 0.0, 'z': 0.0}, 'radius': 1.8}",,,,,POS_ONLY(0),0.0,NULL,0.0,PARTS_01(2),0.0,0.0,
200,,,,,,,,,,,,,,,,,,,,,,,,,,,,,,,,,,,,,,,,,,,,,,,,,,,,,,,,,,,,,転倒センサー（対PL）,DownSensorPLPut,SensorParamEm,,1,,0,,,,Box,"{'Coord': {'m00': 0.7071068, 'm01': 0.0, 'm02': 0.70710677, 'm03': 0.0, 'm10': -0.0, 'm11': 1.0, 'm12': 0.0, 'm13': 0.0, 'm20': -0.70710677, 'm21': -0.0, 'm22': 0.7071068, 'm23': 0.0, 'm30': 0.0, 'm31': 0.0, 'm32': 0.0, 'm33': 1.0}, 'Extent': {'x': 14.0, 'y': 4.0, 'z': 13.0}}",,,,,,,,,,,,CLIBMABLE_DIE(3)
101,,,,,,,,,,,,,,,,,,,,,,,,,,,,,,,,,,,,,,,,,,,,,,,,,,,,,,,,,,,,,センサー当たり,SensorReceiver,,||,2,,0,||,|Chest|Tail1,|Tail0|Tail2,Sphere|Capsule|Capsule,"{'x': 0.0, 'y': 0.0, 'z': 0.0, 'radius': 1.0}|{'start': {'x': 0.0, 'y': 0.0, 'z': 0.0}, 'end': {'x': 0.0, 'y': 0.0, 'z': 0.0}, 'radius': 2.2}|{'start': {'x': 0.0, 'y': 0.0, 'z': 0.0}, 'end': {'x': 0.0, 'y': 0.0, 'z': 0.0}, 'radius': 1.5}",,,,,,,,,,,,
201,,,,,,,,,,,,,,,,,,,,,,,,,,,,,,,,,,,,,,,,,,,,,,,,,,,,,,,,,,,,,カメラ補正用センサー,CameraAdjust,,|||||,3,,0,|||||,Neck0|Chest|Chest|L_WingU0|R_WingU0|Tail1,Head|Neck0|Tail0|L_WingU1|R_WingU1|Tail2,Capsule|Capsule|Capsule|Capsule|Capsule|Capsule,"{'start': {'x': 0.0, 'y': 0.0, 'z': 0.0}, 'end': {'x': 0.0, 'y': 0.0, 'z': -0.5}, 'radius': 0.5}|{'start': {'x': 0.0, 'y': 0.4, 'z': -0.5}, 'end': {'x': 0.0, 'y': 0.3, 'z': -0.4}, 'radius': 1.1}|{'start': {'x': 0.0, 'y': 0.5, 'z': -0.4}, 'end': {'x': 0.0, 'y': 0.5, 'z': -0.5}, 'radius': 1.1}|{'start': {'x': 0.1, 'y': 0.5, 'z': -0.1}, 'end': {'x': -0.4, 'y': 0.3, 'z': 0.5}, 'radius': 0.5}|{'start': {'x': -0.10000005, 'y': 0.49999976, 'z': -0.100000024}, 'end': {'x': 0.4000001, 'y': 0.29999995, 'z': 0.49999988}, 'radius': 0.5}|{'start': {'x': 0.0, 'y': 0.3, 'z': 0.0}, 'end': {'x': 0.0, 'y': 0.2, 'z': 0.0}, 'radius': 0.7}",,,,,,,,,,,,
,,,,,,,,,,,,,,,,,,,,,,,,,,,,,,,,,,,,,,,,,,,,,,,,,,,,,,,,,,,,,,,,,,,,,,,,,,,,,,,,,,,,
Em0002_00_Shell_Attack,,,,,,,,,,,,,,,,,,,,,,,,,,,,,,,,,,,,,,,,,,,,,,,,,,,,,,,,,,,,,,,,,,,,,,,,,,,,,,,,,,,,
0,SMASH_MIDDLE(20),CAPTURE_NET(-956543104),FRONT(0),0.0,21.0,0.0,NORMAL(0),40.0,AUTO(-1149658496),NONE(-94023312),FIRE(1),0,49.0,FIRE(-241644512),False,0.0,True,0.0,60.0,NONE(0),0.0,0.0,PRIO_8(7),ATTACK_FIRST(0),False,False,AUTO(-1072110528),0,[],1.0,00000000-0000-0000-0000-000000000000,0.0,DEFAULT(0),False,False,False,False,False,False,False,False,False,False,False,False,0.0,False,False,0.0,False,0.0,1.0,NONE(0),AUTO(1006222464),False,False,NONE(3),,0.0,0.0,火球,,火球,,0,,0,,,,ContinuousSphere,"{'x': 0.0, 'y': 0.0, 'z': 0.0, 'radius': 0.7}",,,,,,,,,,,,
1,SMASH_MIDDLE(20),CAPTURE_NET(-956543104),OWNER_CENTER(1461833728),0.0,22.0,0.0,NORMAL(0),30.0,AUTO(-1149658496),NONE(-94023312),FIRE(1),0,53.0,FIRE(-241644512),False,0.0,True,0.0,60.0,NONE(0),0.0,0.0,PRIO_8(7),ATTACK_FIRST(0),False,False,AUTO(-1072110528),0,[],1.0,00000000-0000-0000-0000-000000000000,0.0,DEFAULT(0),False,False,False,False,False,False,False,False,False,False,False,False,0.0,False,False,0.0,False,0.0,1.0,NONE(0),AUTO(1006222464),False,False,NONE(3),,0.0,0.0,薙ぎ払いブレス,,薙ぎ払いブレス,,1,,0,,,,Capsule,"{'start': {'x': 0.0, 'y': 0.0, 'z': 0.0}, 'end': {'x': 0.0, 'y': 0.0, 'z': 0.0}, 'radius': 1.5}",,,,,,,,,,,,
2,EAR(5),CAPTURE_NET(-956543104),CENTER(6),0.0,0.0,0.0,NORMAL(0),40.0,AUTO(-1149658496),NONE(-94023312),NONE(0),0,0.0,NONE(1220034176),False,0.0,True,0.0,0.0,NONE(0),0.0,0.0,PRIO_8(7),ATTACK_FIRST(0),False,False,AUTO(-1072110528),0,['OWNER_CENTER(1461833728)'],1.0,00000000-0000-0000-0000-000000000000,0.0,DEFAULT(0),False,False,False,False,False,False,False,False,False,False,False,False,0.0,False,False,0.0,False,0.0,1.0,NONE(0),AUTO(1006222464),False,False,NONE(3),,0.0,0.0,咆哮,,咆哮,,2,,0,,,,ContinuousSphere,"{'x': 0.0, 'y': 0.0, 'z': 0.0, 'radius': 20.0}",,,,,,,,,,,,
3,SMASH_MIDDLE(20),CAPTURE_NET(-956543104),CENTER(6),0.0,9.0,0.0,NORMAL(0),40.0,AUTO(-1149658496),NONE(-94023312),FIRE(1),0,21.0,FIRE(-241644512),False,0.0,True,0.0,0.0,NONE(0),0.0,0.0,PRIO_8(7),ATTACK_FIRST(0),False,False,AUTO(-1072110528),0,[],1.0,00000000-0000-0000-0000-000000000000,0.0,DEFAULT(0),False,False,False,False,False,False,False,False,False,False,False,False,0.0,False,False,0.0,False,0.0,1.0,NONE(0),AUTO(1006222464),False,False,NONE(3),,0.0,0.0,着弾爆発,,爆発,,3,,0,,,,ContinuousSphere,"{'x': 0.0, 'y': 0.0, 'z': 0.0, 'radius': 1.0}",,,,,,,,,,,,
4,GESTURE(7),CAPTURE_NET(-956543104),CENTER(6),0.0,0.0,0.0,NORMAL(0),0.0,AUTO(-1149658496),NONE(-94023312),NONE(0),0,0.0,NONE(1220034176),False,0.0,True,0.0,0.0,NONE(0),0.0,0.0,PRIO_0(15),ATTACK_FIRST(0),False,False,AUTO(-1072110528),0,[],1.0,00000000-0000-0000-0000-000000000000,0.0,DEFAULT(0),False,False,False,False,False,False,False,False,False,False,False,False,0.0,False,False,0.0,False,0.0,1.0,NONE(0),AUTO(1006222464),False,False,NONE(3),,0.0,0.0,着弾爆発(しぐさ),,しぐさ(Shell),,4,,0,,,,ContinuousSphere,"{'x': 0.0, 'y': 0.0, 'z': 0.0, 'radius': 10.0}",,,,,,,,,,,,
5,NORMAL(0),CAPTURE_NET(-956543104),FRONT(0),0.0,0.0,0.0,ALL_RANGE(1),0.0,AUTO(-1149658496),NONE(-94023312),FIRE(1),0,5.0,FIRE(-241644512),False,0.0,True,0.0,0.0,NONE(0),0.0,0.0,PRIO_5(10),ATTACK_FIRST(0),False,False,AUTO(-1072110528),0,[],1.0,00000000-0000-0000-0000-000000000000,0.0,DEFAULT(0),False,False,False,False,False,False,False,False,False,False,False,False,0.0,False,False,0.0,False,0.0,1.0,NONE(0),AUTO(1006222464),False,False,NONE(3),,0.0,0.0,燃え残り,,燃え残り,,5,,0,,,,Sphere,"{'x': 0.0, 'y': 0.0, 'z': 0.0, 'radius': 1.5}",,,,,,,,,,,,
6,SMASH(21),CAPTURE_NET(-956543104),OWNER_CENTER(1461833728),0.0,30.0,0.0,NORMAL(0),50.0,AUTO(-1149658496),NONE(-94023312),FIRE(1),0,70.0,FIRE(-241644512),False,0.0,True,0.0,60.0,NONE(0),0.0,0.0,PRIO_8(7),ATTACK_FIRST(0),False,False,AUTO(-1072110528),0,[],1.0,00000000-0000-0000-0000-000000000000,0.0,DEFAULT(0),False,False,False,False,False,False,False,False,False,False,False,False,0.0,False,False,0.0,False,0.0,1.0,NONE(0),AUTO(1006222464),False,False,NONE(3),,0.0,0.0,ファイアーバーナー,,ファイアーバーナー,,6,,0,,,,Capsule,"{'start': {'x': 0.0, 'y': 3.0, 'z': 0.0}, 'end': {'x': 0.0, 'y': 0.0, 'z': 0.0}, 'radius': 2.5}",,,,,,,,,,,,
8,SMASH_MIDDLE(20),CAPTURE_NET(-956543104),CENTER(6),0.0,9.0,0.0,NORMAL(0),40.0,AUTO(-1149658496),NONE(-94023312),FIRE(1),0,21.0,FIRE(-241644512),False,0.0,True,0.0,0.0,NONE(0),0.0,0.0,PRIO_8(7),ATTACK_FIRST(0),False,False,AUTO(-1072110528),0,[],1.0,00000000-0000-0000-0000-000000000000,0.0,DEFAULT(0),False,False,False,False,False,False,False,False,False,False,False,False,0.0,False,False,0.0,False,0.0,1.0,NONE(0),AUTO(1006222464),False,False,NONE(3),,0.0,0.0,帯ブレス着弾爆発,,爆発,,9,,0,,,,ContinuousSphere,"{'x': 0.0, 'y': 0.0, 'z': 0.0, 'radius': 1.0}",,,,,,,,,,,,
9,GESTURE(7),CAPTURE_NET(-956543104),CENTER(6),0.0,0.0,0.0,NORMAL(0),0.0,AUTO(-1149658496),NONE(-94023312),NONE(0),0,0.0,NONE(1220034176),False,0.0,True,0.0,0.0,NONE(0),0.0,0.0,PRIO_0(15),ATTACK_FIRST(0),False,False,AUTO(-1072110528),0,[],1.0,00000000-0000-0000-0000-000000000000,0.0,DEFAULT(0),False,False,False,False,False,False,False,False,False,False,False,False,0.0,False,False,0.0,False,0.0,1.0,NONE(0),AUTO(1006222464),False,False,NONE(3),,0.0,0.0,帯ブレス着弾爆発(しぐさ),,しぐさ(Shell),,10,,0,,,,ContinuousSphere,"{'x': 0.0, 'y': 0.0, 'z': 0.0, 'radius': 10.0}",,,,,,,,,,,,
10,SMASH_MIDDLE(20),NONE(1996289920),FRONT(0),0.0,22.0,0.0,NORMAL(0),30.0,AUTO(-1149658496),NONE(-94023312),FIRE(1),0,53.0,FIRE(-241644512),False,0.0,True,0.0,60.0,NONE(0),0.0,0.0,PRIO_8(7),ATTACK_FIRST(0),False,False,AUTO(-1072110528),0,[],1.0,00000000-0000-0000-0000-000000000000,0.0,DEFAULT(0),False,False,False,False,False,False,False,False,False,False,False,False,0.0,False,False,0.0,False,0.0,1.0,NONE(0),AUTO(1006222464),False,False,NONE(3),,0.0,0.0,弱帯ブレス,,弱帯ブレス,,7,,0,,,,ContinuousSphere,"{'x': 0.0, 'y': 0.0, 'z': 0.0, 'radius': 0.7}",,,,,,,,,,,,
11,SMASH_MIDDLE(20),NONE(1996289920),FRONT(0),0.0,24.0,0.0,NORMAL(0),30.0,AUTO(-1149658496),NONE(-94023312),FIRE(1),0,56.0,FIRE(-241644512),False,0.0,True,0.0,60.0,NONE(0),0.0,0.0,PRIO_8(7),ATTACK_FIRST(0),False,False,AUTO(-1072110528),0,[],1.0,00000000-0000-0000-0000-000000000000,0.0,DEFAULT(0),False,False,False,False,False,False,False,False,False,False,False,False,0.0,False,False,0.0,False,0.0,1.0,NONE(0),AUTO(1006222464),False,False,NONE(3),,0.0,0.0,強帯ブレス,,強帯ブレス,,8,,0,,,,ContinuousSphere,"{'x': 0.0, 'y': 0.0, 'z': 0.0, 'radius': 0.7}",,,,,,,,,,,,
12,SMASH_MIDDLE(20),NONE(1996289920),FRONT(0),0.0,22.0,0.0,NORMAL(0),50.0,AUTO(-1149658496),NONE(-94023312),FIRE(1),0,53.0,FIRE(-241644512),False,0.0,True,0.0,0.0,NONE(0),0.0,0.0,PRIO_8(7),ATTACK_FIRST(0),False,False,AUTO(-1072110528),0,[],1.0,00000000-0000-0000-0000-000000000000,0.0,DEFAULT(0),False,False,False,False,False,False,False,False,False,False,False,False,0.0,False,False,0.0,False,0.0,1.0,NONE(0),AUTO(1006222464),False,False,NONE(3),,0.0,0.0,弱帯ブレス(レーザー部分),,弱帯ブレス(レーザー部分),,11,,0,,,,Capsule,"{'start': {'x': 0.0, 'y': 0.0, 'z': 0.0}, 'end': {'x': 0.0, 'y': 0.0, 'z': 0.0}, 'radius': 1.5}",,,,,,,,,,,,
13,SMASH_MIDDLE(20),NONE(1996289920),FRONT(0),0.0,24.0,0.0,NORMAL(0),50.0,AUTO(-1149658496),NONE(-94023312),FIRE(1),0,56.0,FIRE(-241644512),False,0.0,True,0.0,0.0,NONE(0),0.0,0.0,PRIO_8(7),ATTACK_FIRST(0),False,False,AUTO(-1072110528),0,[],1.0,00000000-0000-0000-0000-000000000000,0.0,DEFAULT(0),False,False,False,False,False,False,False,False,False,False,False,False,0.0,False,False,0.0,False,0.0,1.0,NONE(0),AUTO(1006222464),False,False,NONE(3),,0.0,0.0,強帯ブレス(レーザー部分),,強帯ブレス(レーザー部分),,12,,0,,,,Capsule,"{'start': {'x': 0.0, 'y': 0.0, 'z': 0.0}, 'end': {'x': 0.0, 'y': 0.0, 'z': 0.0}, 'radius': 1.5}",,,,,,,,,,,,
14,NORMAL(0),CAPTURE_NET(-956543104),FRONT(0),0.0,0.0,0.0,ALL_RANGE(1),0.0,AUTO(-1149658496),NONE(-94023312),FIRE(1),0,5.0,FIRE(-241644512),False,0.0,True,0.0,0.0,NONE(0),0.0,0.0,PRIO_5(10),ATTACK_FIRST(0),False,False,AUTO(-1072110528),0,[],1.0,00000000-0000-0000-0000-000000000000,0.0,DEFAULT(0),False,False,False,False,False,False,False,False,False,False,False,False,0.0,False,False,0.0,False,0.0,1.0,NONE(0),AUTO(1006222464),False,False,NONE(3),,0.0,0.0,帯ブレス燃え残り(レーザー),,燃え残り,,13,,0,,,,Capsule,"{'start': {'x': 0.0, 'y': 0.0, 'z': 0.0}, 'end': {'x': 0.0, 'y': 0.0, 'z': 0.0}, 'radius': 1.5}",,,,,,,,,,,,
15,SMASH_MIDDLE(20),NONE(1996289920),FRONT(0),0.0,18.0,0.0,NORMAL(0),30.0,AUTO(-1149658496),NONE(-94023312),FIRE(1),0,42.0,FIRE(-241644512),False,0.0,True,0.0,60.0,NONE(0),0.0,0.0,PRIO_8(7),ATTACK_FIRST(0),False,False,AUTO(-1072110528),0,[],1.0,00000000-0000-0000-0000-000000000000,0.0,DEFAULT(0),False,False,False,False,False,False,False,False,False,False,False,False,0.0,False,False,0.0,False,0.0,1.0,NONE(0),AUTO(1006222464),False,False,NONE(3),,0.0,0.0,疲れ帯ブレス,,疲れ帯ブレス,,14,,0,,,,ContinuousSphere,"{'x': 0.0, 'y': 0.0, 'z': 0.0, 'radius': 0.7}",,,,,,,,,,,,
16,SMASH_MIDDLE(20),NONE(1996289920),FRONT(0),0.0,18.0,0.0,NORMAL(0),50.0,AUTO(-1149658496),NONE(-94023312),FIRE(1),0,42.0,FIRE(-241644512),False,0.0,True,0.0,0.0,NONE(0),0.0,0.0,PRIO_8(7),ATTACK_FIRST(0),False,False,AUTO(-1072110528),0,[],1.0,00000000-0000-0000-0000-000000000000,0.0,DEFAULT(0),False,False,False,False,False,False,False,False,False,False,False,False,0.0,False,False,0.0,False,0.0,1.0,NONE(0),AUTO(1006222464),False,False,NONE(3),,0.0,0.0,疲れ帯ブレス(レーザー部分),,疲れ帯ブレス(レーザー部分),,15,,0,,,,Capsule,"{'start': {'x': 0.0, 'y': 0.0, 'z': 0.0}, 'end': {'x': 0.0, 'y': 0.0, 'z': 0.0}, 'radius': 1.5}",,,,,,,,,,,,
17,NORMAL(0),CAPTURE_NET(-956543104),FRONT(0),0.0,0.0,0.0,ALL_RANGE(1),0.0,AUTO(-1149658496),NONE(-94023312),FIRE(1),0,5.0,FIRE(-241644512),False,0.0,True,0.0,0.0,NONE(0),0.0,0.0,PRIO_5(10),ATTACK_FIRST(0),False,False,AUTO(-1072110528),0,[],1.0,00000000-0000-0000-0000-000000000000,0.0,DEFAULT(0),False,False,False,False,False,False,False,False,False,False,False,False,0.0,False,False,0.0,False,0.0,1.0,NONE(0),AUTO(1006222464),False,False,NONE(3),,0.0,0.0,疲れ帯ブレス燃え残り(レーザー),,燃え残り,,16,,0,,,,Capsule,"{'start': {'x': 0.0, 'y': 0.0, 'z': 0.0}, 'end': {'x': 0.0, 'y': 0.0, 'z': 0.0}, 'radius': 1.5}",,,,,,,,,,,,
18,NORMAL(0),CAPTURE_NET(-956543104),FRONT(0),0.0,0.0,0.0,ALL_RANGE(1),0.0,AUTO(-1149658496),NONE(-94023312),FIRE(1),0,5.0,FIRE(-241644512),False,0.0,True,0.0,0.0,NONE(0),0.0,0.0,PRIO_5(10),ATTACK_FIRST(0),False,False,AUTO(-1072110528),0,[],1.0,00000000-0000-0000-0000-000000000000,0.0,DEFAULT(0),False,False,False,False,False,False,False,False,False,False,False,False,0.0,False,False,0.0,False,0.0,1.0,NONE(0),AUTO(1006222464),False,False,NONE(3),,0.0,0.0,燃え残り(ファイアーバーナー用),,燃え残り,,17,,0,,,,Sphere,"{'x': 0.0, 'y': 0.0, 'z': 0.0, 'radius': 2.25}",,,,,,,,,,,,
19,SMASH_MIDDLE(20),CAPTURE_NET(-956543104),OWNER_CENTER(1461833728),0.0,22.0,0.0,NORMAL(0),30.0,AUTO(-1149658496),NONE(-94023312),FIRE(1),0,53.0,FIRE(-241644512),False,0.0,True,0.0,60.0,NONE(0),0.0,0.0,PRIO_8(7),ATTACK_FIRST(0),False,False,AUTO(-1072110528),0,[],1.0,00000000-0000-0000-0000-000000000000,0.0,DEFAULT(0),False,False,False,False,False,False,False,False,False,False,False,False,0.0,False,False,0.0,False,0.0,1.0,NONE(0),AUTO(1006222464),False,False,NONE(3),,0.0,0.0,薙ぎ払いブレス(地面),,薙ぎ払いブレス,,18,,0,,,,ContinuousSphere,"{'x': 0.0, 'y': 0.0, 'z': 0.0, 'radius': 2.5}",,,,,,,,,,,,
20,SMASH_MIDDLE(20),CAPTURE_NET(-956543104),FRONT(0),0.0,21.0,0.0,NORMAL(0),40.0,AUTO(-1149658496),NONE(-94023312),FIRE(1),0,49.0,FIRE(-241644512),False,0.0,True,0.0,60.0,NONE(0),0.0,0.0,PRIO_8(7),ATTACK_FIRST(0),False,False,AUTO(-1072110528),0,[],3.0,00000000-0000-0000-0000-000000000000,0.0,DEFAULT(0),False,False,False,False,False,False,False,False,False,False,False,False,0.0,False,False,0.0,False,0.0,1.0,NONE(0),AUTO(1006222464),False,False,NONE(3),,0.0,0.0,,,,,0,,0,,,,ContinuousSphere,"{'x': 0.0, 'y': 0.0, 'z': 0.0, 'radius': 0.7}",,,,,,,,,,,,
,,,,,,,,,,,,,,,,,,,,,,,,,,,,,,,,,,,,,,,,,,,,,,,,,,,,,,,,,,,,,,,,,,,,,,,,,,,,,,,,,,,,
Em0002_00_Shell_Damage,,,,,,,,,,,,,,,,,,,,,,,,,,,,,,,,,,,,,,,,,,,,,,,,,,,,,,,,,,,,,,,,,,,,,,,,,,,,,,,,,,,,
0,,,,,,,,,,,,,,,,,,,,,,,,,,,,,,,,,,,,,,,,,,,,,,,,,,,,,,,,,,,,,火球燃え残り,,,,0,,0,,,,Sphere,"{'x': 0.0, 'y': 0.0, 'z': 0.0, 'radius': 1.5}",,,,,,,,,,,,
1,,,,,,,,,,,,,,,,,,,,,,,,,,,,,,,,,,,,,,,,,,,,,,,,,,,,,,,,,,,,,ファイアーバーナー燃え残り,,,,1,,0,,,,Sphere,"{'x': 0.0, 'y': 0.0, 'z': 0.0, 'radius': 2.25}",,,,,,,,,,,,
