RSID,DamageTypeFixed,DamageTypeCustom,DamageAngleFixed,DamageAngleOffsetDeg,Attack,FixAttack,GuardType,VersusGuardPower,StageDamageTypeFixed,StageDamageExIDFixed,AttackAttrFixed,AttrLevel,AttrValue,AttackCond,IsForceCond,CondValue,IsUseCondDefaultSec,CondCustomSec,StunDamage,FlagBit,MultiHitTimer,HealValue,PriorityFixed,PriorityTypeFixed,DisableContactPointAdjust,IsContactPointAdjustIgnoreDamageAngle,PorterDodgeFixed,ActionTypeFixed,PartsBreakRate,ParryDamage,RideDamage,BattleRidingAttackType,RidingScarDamage,RidingSuccessDamage,RidingSuccessDamageRawScar,IsSkillHien,IsPointAttack,IsPrePointHitReaction,TearScarCreateRate,TearScarDamageRate,RawScarDamageRate,OldScarDamageRate,IsScarForceChange,IsRawScarForce,IsRawScarLimit,IsWeakPointLimit,NoDamageReaction,IsMultiHitEmParts,MultiHitEmPartsMaxNum,IsMultiHitEmWeak,MultiHitEmWeakMaxNum,MultiHitRateCurve,IsLaserGuardCounter,IsWpPhysicalAttack,IsNoUseKireaji,IsForceUseKireajiAttackRate,IsCustomKireajiReduce,CustomKireajiReduce,UseStatusAttackPower,UseStatusAttrPower,StatusAttrRate,StatusConditionRate,UseSkillAdditionalDamage,UseSkillContinuousAttack,MultiHitStatusRateCurve,IsNoCritical,IsCustomShockAbsorberRate,CustomShockAbsorberRate,IsGestureAttack,IsDisableAnimalAttack,IsExFieldWpAttackFinal,ExEmote03AttackType,HitEffectTypeFixed,DisableHitEffect,HitEffectAngleZ,HitEffectAngleX,HitEffectOverwriteConnectID,GeneralValue1,GeneralValue2,GeneralValue3,FriendDamageTypeFixed,IsSensor,CameraShakeGuid,IsEnableMotSeqCameraShake,CollabDamageUIType,IgnoreRecoil,HitStopType,HitStopIgnoreResponse,RSName,RSKName,colName,colShapeName,GroupIndex,GName,GLayerIndex,GShapeNames,GJointNames1,GJointNames2,GShapeTypes,GShapeParams
Wp04_Attack,,,,,,,,,,,,,,,,,,,,,,,,,,,,,,,,,,,,,,,,,,,,,,,,,,,,,,,,,,,,,,,,,,,,,,,,,,,,,,,,,,,,,,,,,,,,,,,,,,,,
0,NORMAL(0),CAPTURE_NET(-956543104),FRONT(0),0.0,22.0,0.0,NORMAL(0),0.0,S(165454032),NONE(-94023312),NONE(0),0,0.0,STAMINA(-392388800),False,10.0,True,0.0,15.0,NONE(0),0.0,0.0,PRIO_8(7),ATTACK_FIRST(0),False,False,AUTO(-1072110528),BLOW(2),1.0,0.0,0.0,NONE(0),NULL,0.0,0.0,False,False,False,1.0,1.0,1.0,1.0,False,False,False,False,False,False,1,False,1,,False,False,False,False,False,10,True,True,1.0,1.0,True,True,,False,False,1.0,False,False,False,NONE(0),BLOW(8),,0.0,0.0,-1,0.0,0.0,0.0,NORMAL(0),False,99abca69-66dd-466b-afe8-67a1d9bc0703,False,NONE(7350),False,STOMP_01(542678976),False,振り回し,,振り回し,,1,,0,,,,ContinuousCapsule,"{'start': {'x': 0.05, 'y': 0.0, 'z': 0.5793138}, 'end': {'x': 0.05, 'y': 0.0, 'z': 1.6284885}, 'radius': 0.75}"
1,NORMAL(0),CAPTURE_NET(-956543104),FRONT(0),0.0,18.0,0.0,NORMAL(0),0.0,S(165454032),NONE(-94023312),NONE(0),0,0.0,STAMINA(-392388800),False,10.0,True,0.0,15.0,NONE(0),0.0,0.0,PRIO_8(7),ATTACK_FIRST(0),False,False,AUTO(-1072110528),BLOW(2),1.0,0.0,0.0,NONE(0),NULL,0.0,0.0,False,False,False,1.0,1.0,1.0,1.0,False,False,False,False,False,False,1,False,1,,False,False,False,False,False,10,True,True,1.0,1.0,True,True,,False,False,1.0,False,False,False,NONE(0),BLOW(8),,0.0,0.0,-1,0.0,0.0,0.0,NORMAL(0),False,99abca69-66dd-466b-afe8-67a1d9bc0703,False,NONE(7350),False,STOMP_01(542678976),False,返し振り,,返し振り,,1,,0,,,,ContinuousCapsule,"{'start': {'x': 0.05, 'y': 0.0, 'z': 0.5793138}, 'end': {'x': 0.05, 'y': 0.0, 'z': 1.6284885}, 'radius': 0.75}"
2,NORMAL(0),CAPTURE_NET(-956543104),FRONT(0),0.0,23.0,0.0,NORMAL(0),0.0,S(165454032),NONE(-94023312),NONE(0),0,0.0,STAMINA(-392388800),False,10.0,True,0.0,20.0,NONE(0),0.0,0.0,PRIO_8(7),ATTACK_FIRST(0),False,False,AUTO(-1072110528),BLOW(2),1.0,0.0,0.0,NONE(0),NULL,0.0,0.0,False,False,False,1.0,1.0,1.0,1.0,False,False,False,False,False,False,1,False,1,,False,False,False,False,False,10,True,True,1.0,1.0,True,True,,False,False,1.0,False,False,False,NONE(0),BLOW(8),,0.0,0.0,-1,0.0,0.0,0.0,NORMAL(0),False,99abca69-66dd-466b-afe8-67a1d9bc0703,False,NONE(7350),False,STOMP_00(511848320),False,横振り,,横振り,,1,,0,,,,ContinuousCapsule,"{'start': {'x': 0.05, 'y': 0.0, 'z': 0.5793138}, 'end': {'x': 0.05, 'y': 0.0, 'z': 1.6284885}, 'radius': 0.75}"
3,NORMAL(0),CAPTURE_NET(-956543104),FRONT(0),0.0,41.0,0.0,NORMAL(0),0.0,S(165454032),NONE(-94023312),NONE(0),0,0.0,STAMINA(-392388800),False,10.0,True,0.0,20.0,NONE(0),0.0,0.0,PRIO_8(7),ATTACK_FIRST(0),False,False,AUTO(-1072110528),BLOW(2),1.0,0.0,0.0,NONE(0),NULL,0.0,0.0,False,False,False,1.0,1.0,1.0,1.0,False,False,False,False,False,False,1,False,1,,False,False,False,False,False,10,True,True,1.0,1.0,True,True,,False,False,1.0,False,False,False,NONE(0),BLOW(8),,0.0,0.0,-1,0.0,0.0,0.0,NORMAL(0),False,99abca69-66dd-466b-afe8-67a1d9bc0703,False,NONE(7350),False,STOMP_01(542678976),False,縦振りI,,縦振りI,,1,,0,,,,ContinuousCapsule,"{'start': {'x': 0.05, 'y': 0.0, 'z': 0.5793138}, 'end': {'x': 0.05, 'y': 0.0, 'z': 1.6284885}, 'radius': 0.75}"
4,NORMAL(0),CAPTURE_NET(-956543104),FRONT(0),0.0,45.0,0.0,NORMAL(0),0.0,S(165454032),NONE(-94023312),NONE(0),0,0.0,STAMINA(-392388800),False,15.0,True,0.0,25.0,NONE(0),0.0,0.0,PRIO_8(7),ATTACK_FIRST(0),False,False,AUTO(-1072110528),BLOW(2),1.0,0.0,0.0,NONE(0),NULL,0.0,0.0,False,False,False,1.0,1.0,1.0,1.0,False,False,False,False,False,False,1,False,1,,False,False,False,False,False,10,True,True,1.0,1.0,True,True,,False,False,1.0,False,False,False,NONE(0),BLOW(8),,0.0,0.0,-1,0.0,0.0,0.0,NORMAL(0),False,99abca69-66dd-466b-afe8-67a1d9bc0703,False,NONE(7350),False,STOMP_01(542678976),False,縦振りII,,縦振りII,,1,,0,,,,ContinuousCapsule,"{'start': {'x': 0.05, 'y': 0.0, 'z': 0.5793138}, 'end': {'x': 0.05, 'y': 0.0, 'z': 1.6284885}, 'radius': 0.75}"
5,NORMAL(0),CAPTURE_NET(-956543104),UP(2),0.0,95.0,0.0,NORMAL(0),0.0,S(165454032),NONE(-94023312),NONE(0),0,0.0,STAMINA(-392388800),False,10.0,True,0.0,50.0,NONE(0),0.0,0.0,PRIO_8(7),ATTACK_FIRST(0),False,False,AUTO(-1072110528),BLOW(2),1.0,0.0,0.0,NONE(0),NULL,0.0,0.0,False,False,False,1.0,1.0,1.0,1.0,False,False,False,False,False,False,1,False,1,,False,False,False,False,False,10,True,True,1.3,1.0,True,True,,False,False,1.0,False,False,False,NONE(0),BLOW(8),,0.0,0.0,-1,0.0,0.0,0.0,SLIP(22),False,87cdb999-bc73-4a9c-b9b9-cbeb4d021d6f,False,NONE(7350),True,TAIKEN_03(4721),False,アッパー,,アッパー,,12,,0,,,,ContinuousCapsule,"{'start': {'x': 0.04999995, 'y': 0.0, 'z': 0.867}, 'end': {'x': 0.05, 'y': 0.0, 'z': 2.0}, 'radius': 1.0}"
6,NORMAL(0),CAPTURE_NET(-956543104),FRONT(0),0.0,25.0,0.0,NORMAL(0),0.0,S(165454032),NONE(-94023312),NONE(0),0,0.0,STAMINA(-392388800),False,10.0,True,0.0,15.0,NONE(0),0.0,0.0,PRIO_8(7),ATTACK_FIRST(0),False,False,AUTO(-1072110528),BLOW(2),1.0,0.0,0.0,NONE(0),NULL,0.0,0.0,False,False,False,1.0,1.0,1.0,1.0,False,False,False,False,False,False,1,False,1,,False,False,False,False,False,10,True,True,1.1,1.0,True,True,,False,False,1.0,False,False,False,NONE(0),BLOW(8),,0.0,0.0,-1,0.0,0.0,0.0,NORMAL(0),False,99abca69-66dd-466b-afe8-67a1d9bc0703,False,NONE(7350),False,STOMP_01(542678976),False,溜め振り回し,,溜め振り回し,,1,,0,,,,ContinuousCapsule,"{'start': {'x': 0.05, 'y': 0.0, 'z': 0.5793138}, 'end': {'x': 0.05, 'y': 0.0, 'z': 1.6284885}, 'radius': 0.75}"
7,NORMAL(0),CAPTURE_NET(-956543104),FRONT(0),0.0,25.0,0.0,NORMAL(0),0.0,S(165454032),NONE(-94023312),NONE(0),0,0.0,STAMINA(-392388800),False,5.0,True,0.0,10.0,NONE(0),0.0,0.0,PRIO_8(7),ATTACK_FIRST(0),False,False,AUTO(-1072110528),BLOW(2),1.0,0.0,0.0,NONE(0),NULL,0.0,0.0,False,False,False,1.0,1.0,1.0,1.0,False,False,False,False,False,False,1,False,1,,False,False,False,False,False,10,True,True,1.0,1.0,True,True,,False,False,1.0,False,False,False,NONE(0),BLOW(8),,0.0,0.0,-1,0.0,0.0,0.0,NORMAL(0),False,99abca69-66dd-466b-afe8-67a1d9bc0703,False,NONE(7350),False,STOMP_02(-1421223296),False,溜め返し振り,,溜め返し振り,,1,,0,,,,ContinuousCapsule,"{'start': {'x': 0.05, 'y': 0.0, 'z': 0.5793138}, 'end': {'x': 0.05, 'y': 0.0, 'z': 1.6284885}, 'radius': 0.75}"
8,NORMAL(0),CAPTURE_NET(-956543104),UP(2),0.0,70.0,0.0,NORMAL(0),0.0,S(165454032),NONE(-94023312),NONE(0),0,0.0,STAMINA(-392388800),False,20.0,True,0.0,40.0,NONE(0),0.0,0.0,PRIO_8(7),ATTACK_FIRST(0),False,False,AUTO(-1072110528),BLOW(2),1.0,0.0,0.0,NONE(0),NULL,0.0,0.0,False,False,False,1.0,1.0,1.0,1.0,False,False,False,False,False,False,1,False,1,,False,False,False,False,False,10,True,True,1.0,1.0,True,True,,False,False,1.0,False,False,False,NONE(0),BLOW(8),,0.0,0.0,-1,0.0,0.0,0.0,SLIP(22),False,87cdb999-bc73-4a9c-b9b9-cbeb4d021d6f,False,NONE(7350),True,STOMP_02(-1421223296),False,溜めアッパー,,溜めアッパー,,1,,0,,,,ContinuousCapsule,"{'start': {'x': 0.05, 'y': 0.0, 'z': 0.5793138}, 'end': {'x': 0.05, 'y': 0.0, 'z': 1.6284885}, 'radius': 0.75}"
9,NORMAL(0),CAPTURE_NET(-956543104),FRONT(0),0.0,20.0,0.0,NORMAL(0),0.0,S(165454032),NONE(-94023312),NONE(0),0,0.0,NONE(1220034176),False,0.0,True,0.0,5.0,NONE(0),0.0,0.0,PRIO_8(7),ATTACK_FIRST(0),False,False,AUTO(-1072110528),BLOW(2),1.0,0.0,0.0,NONE(0),NULL,0.0,0.0,False,False,False,1.0,1.0,1.0,1.0,False,False,False,False,False,False,1,False,1,,False,False,False,False,False,10,True,True,1.0,1.0,True,True,,False,False,1.0,False,False,False,NONE(0),BLOW(8),,0.0,0.0,-1,0.0,0.0,0.0,NORMAL(0),False,99abca69-66dd-466b-afe8-67a1d9bc0703,True,NONE(7350),True,STOMP_00(511848320),False,溜め叩きつけ（一段目）,,溜め叩きつけ（一段目）,,1,,0,,,,ContinuousCapsule,"{'start': {'x': 0.05, 'y': 0.0, 'z': 0.5793138}, 'end': {'x': 0.05, 'y': 0.0, 'z': 1.6284885}, 'radius': 0.75}"
10,NORMAL(0),CAPTURE_NET(-956543104),FRONT(0),0.0,130.0,0.0,NORMAL(0),0.0,S(165454032),NONE(-94023312),NONE(0),0,0.0,STAMINA(-392388800),False,30.0,True,0.0,50.0,NONE(0),0.0,0.0,PRIO_8(7),ATTACK_FIRST(0),False,False,AUTO(-1072110528),BLOW(2),1.2,0.0,0.0,NONE(0),NULL,0.0,0.0,False,False,False,1.0,1.0,1.0,1.0,False,False,False,False,False,False,1,False,1,,False,False,False,False,False,10,True,True,1.5,1.0,True,True,,False,False,1.0,False,False,False,NONE(0),BLOW(8),,0.0,0.0,-1,0.0,0.0,0.0,SLIP(22),False,87cdb999-bc73-4a9c-b9b9-cbeb4d021d6f,True,NONE(7350),True,STOMP_03(-1072143104),False,溜め叩きつけ（二段目）,,溜め叩きつけ（二段目）,,6,,0,,,,ContinuousSphere,"{'x': 0.0, 'y': 0.0, 'z': 1.790865, 'radius': 1.5}"
11,NORMAL(0),CAPTURE_NET(-956543104),FRONT(0),0.0,23.0,0.0,NORMAL(0),0.0,S(165454032),NONE(-94023312),NONE(0),0,0.0,STAMINA(-392388800),False,2.0,True,0.0,5.0,NONE(0),0.0,0.0,PRIO_8(7),ATTACK_FIRST(0),False,False,AUTO(-1072110528),BLOW(2),1.0,0.0,0.0,NONE(0),NULL,0.0,0.0,False,False,False,1.0,1.0,1.0,1.0,False,False,False,False,False,False,1,False,1,,False,False,False,False,True,3,True,True,2.5,1.0,False,True,,False,False,1.0,False,False,False,NONE(0),BLOW(8),,0.0,0.0,-1,0.0,0.0,0.0,GESTURE(7),False,99abca69-66dd-466b-afe8-67a1d9bc0703,False,WP04_CHARGE_3_SPIN(13996),True,STOMP_00(511848320),False,回転攻撃（1ヒット目）,,回転攻撃（1ヒット目）,,1,,0,,,,ContinuousCapsule,"{'start': {'x': 0.05, 'y': 0.0, 'z': 0.5793138}, 'end': {'x': 0.05, 'y': 0.0, 'z': 1.6284885}, 'radius': 0.75}"
12,NORMAL(0),CAPTURE_NET(-956543104),FRONT(0),0.0,18.0,0.0,NORMAL(0),0.0,S(165454032),NONE(-94023312),NONE(0),0,0.0,STAMINA(-392388800),False,2.0,True,0.0,10.0,NONE(0),0.0,0.0,PRIO_8(7),ATTACK_FIRST(0),False,False,AUTO(-1072110528),BLOW(2),1.0,0.0,0.0,NONE(0),NULL,0.0,0.0,False,False,False,1.0,1.0,1.0,1.0,False,False,False,False,False,False,1,False,1,,False,False,False,False,True,3,True,True,2.5,1.0,False,True,,False,False,1.0,False,False,False,NONE(0),BLOW(8),,0.0,0.0,-1,0.0,0.0,0.0,GESTURE(7),False,99abca69-66dd-466b-afe8-67a1d9bc0703,False,WP04_CHARGE_3_SPIN(13996),True,STOMP_00(511848320),False,回転攻撃（2~5ヒット目）,,回転攻撃（2~5ヒット目）,,1,,0,,,,ContinuousCapsule,"{'start': {'x': 0.05, 'y': 0.0, 'z': 0.5793138}, 'end': {'x': 0.05, 'y': 0.0, 'z': 1.6284885}, 'radius': 0.75}"
13,NORMAL(0),CAPTURE_NET(-956543104),FRONT(0),0.0,25.0,0.0,NORMAL(0),0.0,S(165454032),NONE(-94023312),NONE(0),0,0.0,STAMINA(-392388800),False,5.0,True,0.0,15.0,NONE(0),0.0,0.0,PRIO_8(7),ATTACK_FIRST(0),False,False,AUTO(-1072110528),BLOW(2),1.0,0.0,0.0,NONE(0),NULL,0.0,0.0,False,False,False,1.0,1.0,1.0,1.0,False,False,False,False,False,False,1,False,1,,False,False,False,False,False,10,True,True,1.5,1.0,True,True,,False,False,1.0,False,False,False,NONE(0),BLOW(8),,0.0,0.0,-1,0.0,0.0,0.0,NORMAL(0),False,99abca69-66dd-466b-afe8-67a1d9bc0703,False,NONE(7350),True,STOMP_00(511848320),False,回転振り回し,,回転振り回し,,1,,0,,,,ContinuousCapsule,"{'start': {'x': 0.05, 'y': 0.0, 'z': 0.5793138}, 'end': {'x': 0.05, 'y': 0.0, 'z': 1.6284885}, 'radius': 0.75}"
14,NORMAL(0),CAPTURE_NET(-956543104),FRONT(0),0.0,30.0,0.0,NORMAL(0),0.0,S(165454032),NONE(-94023312),NONE(0),0,0.0,STAMINA(-392388800),False,5.0,True,0.0,15.0,NONE(0),0.0,0.0,PRIO_8(7),ATTACK_FIRST(0),False,False,AUTO(-1072110528),BLOW(2),1.0,0.0,0.0,NONE(0),NULL,0.0,0.0,False,False,False,1.0,1.0,1.0,1.0,False,False,False,False,False,False,1,False,1,,False,False,False,False,False,10,True,True,1.5,1.0,True,True,,False,False,1.0,False,False,False,NONE(0),BLOW(8),,0.0,0.0,-1,0.0,0.0,0.0,NORMAL(0),False,99abca69-66dd-466b-afe8-67a1d9bc0703,False,NONE(7350),True,STOMP_00(511848320),False,回転横振り,,回転横振り,,1,,0,,,,ContinuousCapsule,"{'start': {'x': 0.05, 'y': 0.0, 'z': 0.5793138}, 'end': {'x': 0.05, 'y': 0.0, 'z': 1.6284885}, 'radius': 0.75}"
15,NORMAL(0),CAPTURE_NET(-956543104),FRONT(0),0.0,55.0,0.0,NORMAL(0),0.0,S(165454032),NONE(-94023312),NONE(0),0,0.0,STAMINA(-392388800),False,5.0,True,0.0,25.0,NONE(0),0.0,0.0,PRIO_8(7),ATTACK_FIRST(0),False,False,AUTO(-1072110528),BLOW(2),1.0,0.0,0.0,NONE(0),NULL,0.0,0.0,False,False,False,1.0,1.0,1.0,1.0,False,False,False,False,False,False,1,False,1,,False,False,False,False,False,10,True,True,1.5,1.0,True,True,,False,False,1.0,False,False,False,NONE(0),BLOW(8),,0.0,0.0,-1,0.0,0.0,0.0,NORMAL(0),False,99abca69-66dd-466b-afe8-67a1d9bc0703,False,NONE(7350),True,STOMP_01(542678976),False,回転返し振り,,回転返し振り,,1,,0,,,,ContinuousCapsule,"{'start': {'x': 0.05, 'y': 0.0, 'z': 0.5793138}, 'end': {'x': 0.05, 'y': 0.0, 'z': 1.6284885}, 'radius': 0.75}"
16,NORMAL(0),CAPTURE_NET(-956543104),UP(2),0.0,100.0,0.0,NORMAL(0),0.0,S(165454032),NONE(-94023312),NONE(0),0,0.0,STAMINA(-392388800),False,5.0,True,0.0,40.0,NONE(0),0.0,0.0,PRIO_8(7),ATTACK_FIRST(0),False,False,AUTO(-1072110528),BLOW(2),1.0,0.0,0.0,NONE(0),NULL,0.0,0.0,False,False,False,1.0,1.0,1.0,1.0,False,False,False,False,False,False,1,False,1,,False,False,False,False,False,10,True,True,1.5,1.0,True,True,,False,False,1.0,False,False,False,NONE(0),BLOW(8),,0.0,0.0,-1,0.0,0.0,0.0,SLIP(22),False,87cdb999-bc73-4a9c-b9b9-cbeb4d021d6f,False,WP04_CHARGE_3_SPIN_FINISH(30174),True,STOMP_03(-1072143104),False,回転強アッパー,,回転強アッパー,,12,,0,,,,ContinuousCapsule,"{'start': {'x': 0.04999995, 'y': 0.0, 'z': 0.867}, 'end': {'x': 0.05, 'y': 0.0, 'z': 2.0}, 'radius': 1.0}"
17,NORMAL(0),CAPTURE_NET(-956543104),DOWN(3),0.0,43.0,0.0,NORMAL(0),0.0,S(165454032),NONE(-94023312),NONE(0),0,0.0,STAMINA(-392388800),False,5.0,True,0.0,5.0,NONE(0),0.0,0.0,PRIO_8(7),ATTACK_FIRST(0),False,False,AUTO(-1072110528),BLOW(2),1.0,0.0,0.0,NONE(0),NULL,0.0,0.0,False,False,False,1.0,1.0,1.0,1.0,False,False,False,False,False,False,1,False,1,,False,False,False,False,False,10,True,True,1.1,1.0,False,True,,False,False,1.0,False,False,False,NONE(0),BLOW(8),,0.0,0.0,-1,0.0,0.0,0.0,NORMAL(0),False,99abca69-66dd-466b-afe8-67a1d9bc0703,False,WP04_BOUNCE_ATTACK_1(25131),True,THRUST_01(26142),False,叩きつけ1発目,,叩きつけ1発目,,1,,0,,,,ContinuousCapsule,"{'start': {'x': 0.05, 'y': 0.0, 'z': 0.5793138}, 'end': {'x': 0.05, 'y': 0.0, 'z': 1.6284885}, 'radius': 0.75}"
18,NORMAL(0),CAPTURE_NET(-956543104),DOWN(3),0.0,48.0,0.0,NORMAL(0),0.0,S(165454032),NONE(-94023312),NONE(0),0,0.0,STAMINA(-392388800),False,5.0,True,0.0,5.0,NONE(0),0.0,0.0,PRIO_8(7),ATTACK_FIRST(0),False,False,AUTO(-1072110528),BLOW(2),1.0,0.0,0.0,NONE(0),NULL,0.0,0.0,False,False,False,1.0,1.0,1.0,1.0,False,False,False,False,False,False,1,False,1,,False,False,False,False,False,10,True,True,1.1,1.0,False,True,,False,False,1.0,False,False,False,NONE(0),BLOW(8),,0.0,0.0,-1,0.0,0.0,0.0,NORMAL(0),False,16804756-238a-4f14-90ef-5d963e96ed28,False,WP04_BOUNCE_ATTACK_2(12679),True,THRUST_01(26142),False,叩きつけ2発目,,叩きつけ2発目,,1,,0,,,,ContinuousCapsule,"{'start': {'x': 0.05, 'y': 0.0, 'z': 0.5793138}, 'end': {'x': 0.05, 'y': 0.0, 'z': 1.6284885}, 'radius': 0.75}"
19,NORMAL(0),CAPTURE_NET(-956543104),DOWN(3),0.0,70.0,0.0,NORMAL(0),0.0,S(165454032),NONE(-94023312),NONE(0),0,0.0,STAMINA(-392388800),False,10.0,True,0.0,10.0,NONE(0),0.0,0.0,PRIO_8(7),ATTACK_FIRST(0),False,False,AUTO(-1072110528),BLOW(2),1.0,0.0,0.0,NONE(0),NULL,0.0,0.0,False,False,False,1.0,1.0,1.0,1.0,False,False,False,False,False,False,1,False,1,,False,False,False,False,False,10,True,True,1.1,1.0,False,True,,False,False,1.0,False,False,False,NONE(0),BLOW(8),,0.0,0.0,-1,0.0,0.0,0.0,NORMAL(0),False,8479534d-2200-4d2c-b0d0-da689fa558fd,False,WP04_BOUNCE_ATTACK_3(14782),True,THRUST_02(17089),False,叩きつけ3発目,,叩きつけ3発目,,1,,0,,,,ContinuousCapsule,"{'start': {'x': 0.05, 'y': 0.0, 'z': 0.5793138}, 'end': {'x': 0.05, 'y': 0.0, 'z': 1.6284885}, 'radius': 0.75}"
20,NORMAL(0),CAPTURE_NET(-956543104),DOWN(3),0.0,90.0,0.0,NORMAL(0),0.0,S(165454032),NONE(-94023312),NONE(0),0,0.0,STAMINA(-392388800),False,10.0,True,0.0,10.0,NONE(0),0.0,0.0,PRIO_8(7),ATTACK_FIRST(0),False,False,AUTO(-1072110528),BLOW(2),1.0,0.0,0.0,NONE(0),NULL,0.0,0.0,False,False,False,1.0,1.0,1.0,1.0,False,False,False,False,False,False,1,False,1,,False,False,False,False,False,10,True,True,1.1,1.0,False,True,,False,False,1.0,False,False,False,NONE(0),BLOW(8),,0.0,0.0,-1,0.0,0.0,0.0,NORMAL(0),False,8479534d-2200-4d2c-b0d0-da689fa558fd,False,WP04_BOUNCE_ATTACK_4(30386),True,THRUST_03(15061),False,叩きつけ4発目,,叩きつけ4発目,,1,,0,,,,ContinuousCapsule,"{'start': {'x': 0.05, 'y': 0.0, 'z': 0.5793138}, 'end': {'x': 0.05, 'y': 0.0, 'z': 1.6284885}, 'radius': 0.75}"
21,NORMAL(0),CAPTURE_NET(-956543104),FRONT(0),0.0,28.0,0.0,NORMAL(0),0.0,S(165454032),NONE(-94023312),NONE(0),0,0.0,NONE(1220034176),False,0.0,True,0.0,5.0,NONE(0),0.0,0.0,PRIO_8(7),ATTACK_FIRST(0),False,False,AUTO(-1072110528),BLOW(2),1.0,0.0,0.0,NONE(0),NULL,0.0,0.0,False,False,False,1.0,1.0,1.0,1.0,False,False,False,False,False,False,1,False,1,,False,False,False,False,True,5,True,True,1.1,1.0,True,True,,False,False,1.0,False,False,False,NONE(0),BLOW(8),,0.0,0.0,-1,0.0,0.0,0.0,NORMAL(0),False,99abca69-66dd-466b-afe8-67a1d9bc0703,True,WP04_BOUNCE_FINISH(1759),True,STOMP_00(511848320),False,叩きつけフィニッシュ（一段目）,,叩きつけフィニッシュ（一段目）,,1,,0,,,,ContinuousCapsule,"{'start': {'x': 0.05, 'y': 0.0, 'z': 0.5793138}, 'end': {'x': 0.05, 'y': 0.0, 'z': 1.6284885}, 'radius': 0.75}"
22,NORMAL(0),CAPTURE_NET(-956543104),FRONT(0),0.0,28.0,0.0,NORMAL(0),0.0,S(165454032),NONE(-94023312),NONE(0),0,0.0,NONE(1220034176),False,0.0,True,0.0,5.0,NONE(0),0.0,0.0,PRIO_8(7),ATTACK_FIRST(0),False,False,AUTO(-1072110528),BLOW(2),1.0,0.0,0.0,NONE(0),NULL,0.0,0.0,False,False,False,1.0,1.0,1.0,1.0,False,False,False,False,False,False,1,False,1,,False,False,False,False,True,5,True,True,1.1,1.0,True,True,,False,False,1.0,False,False,False,NONE(0),BLOW(8),,0.0,0.0,-1,0.0,0.0,0.0,NORMAL(0),False,87cdb999-bc73-4a9c-b9b9-cbeb4d021d6f,True,WP04_BOUNCE_FINISH(1759),True,STOMP_00(511848320),False,叩きつけフィニッシュ（二段目）,,叩きつけフィニッシュ（二段目）,,1,,0,,,,ContinuousCapsule,"{'start': {'x': 0.05, 'y': 0.0, 'z': 0.5793138}, 'end': {'x': 0.05, 'y': 0.0, 'z': 1.6284885}, 'radius': 0.75}"
23,NORMAL(0),CAPTURE_NET(-956543104),FRONT(0),0.0,130.0,0.0,NORMAL(0),0.0,S(165454032),NONE(-94023312),NONE(0),0,0.0,STAMINA(-392388800),False,15.0,True,0.0,15.0,NONE(0),0.0,0.0,PRIO_8(7),ATTACK_FIRST(0),False,False,AUTO(-1072110528),BLOW(2),1.5,0.0,0.0,NONE(0),NULL,0.0,0.0,False,False,False,1.0,1.0,1.0,1.0,False,False,False,False,False,False,1,False,1,,False,False,False,False,False,10,True,True,1.5,1.0,True,True,,False,False,1.0,False,False,False,NONE(0),BLOW(8),,0.0,0.0,-1,0.0,0.0,0.0,SLIP(22),False,70972b7e-b385-4fe6-a7f8-e4cd55873cbf,True,WP04_BOUNCE_FINISH(1759),True,STOMP_03(-1072143104),False,叩きつけフィニッシュ（三段目）,,叩きつけフィニッシュ（三段目）,,6,,0,,,,ContinuousSphere,"{'x': 0.0, 'y': 0.0, 'z': 1.790865, 'radius': 1.5}"
24,NORMAL(0),CAPTURE_NET(-956543104),FRONT(0),0.0,55.0,0.0,NORMAL(0),0.0,S(165454032),NONE(-94023312),NONE(0),0,0.0,STAMINA(-392388800),False,10.0,True,0.0,25.0,NONE(0),0.0,0.0,PRIO_8(7),ATTACK_FIRST(0),False,False,AUTO(-1072110528),BLOW(2),1.0,0.0,0.0,NONE(0),NULL,0.0,0.0,False,False,False,1.0,1.0,1.0,1.0,False,False,False,False,False,False,1,False,1,,False,False,False,False,False,10,True,True,1.0,1.0,False,True,,False,False,1.0,False,False,False,NONE(0),BLOW(8),,0.0,0.0,-1,0.0,0.0,0.0,NORMAL(0),False,87cdb999-bc73-4a9c-b9b9-cbeb4d021d6f,False,NONE(7350),True,STOMP_01(542678976),False,溜め強返し振り,,溜め強返し振り,,1,,0,,,,ContinuousCapsule,"{'start': {'x': 0.05, 'y': 0.0, 'z': 0.5793138}, 'end': {'x': 0.05, 'y': 0.0, 'z': 1.6284885}, 'radius': 0.75}"
25,NORMAL(0),CAPTURE_NET(-956543104),UP(2),0.0,70.0,0.0,NORMAL(0),0.0,S(165454032),NONE(-94023312),NONE(0),0,0.0,STAMINA(-392388800),False,10.0,True,0.0,45.0,NONE(0),0.0,0.0,PRIO_8(7),ATTACK_FIRST(0),False,False,AUTO(-1072110528),BLOW(2),1.0,0.0,0.0,NONE(0),NULL,0.0,0.0,True,False,False,1.0,1.0,1.0,1.0,False,False,False,False,False,False,1,False,1,,False,False,False,False,False,10,True,True,1.2,1.0,False,True,,False,False,1.0,False,False,False,NONE(0),BLOW(8),,0.0,0.0,-1,0.0,0.0,0.0,SLIP(22),False,87cdb999-bc73-4a9c-b9b9-cbeb4d021d6f,False,NONE(7350),True,STOMP_02(-1421223296),False,溜め強アッパー,,溜め強アッパー,,2,,0,,,,ContinuousCapsule,"{'start': {'x': 0.05, 'y': 0.0, 'z': 0.5793138}, 'end': {'x': 0.050000075, 'y': 0.0, 'z': 2.1}, 'radius': 0.75}"
26,NORMAL(0),CAPTURE_NET(-956543104),FRONT(0),0.0,15.0,0.0,NORMAL(0),0.0,S(165454032),NONE(-94023312),NONE(0),0,0.0,STAMINA(-392388800),False,2.0,True,0.0,20.0,NONE(0),0.0,0.0,PRIO_8(7),ATTACK_FIRST(0),False,False,AUTO(-1072110528),BLOW(2),1.0,0.0,0.0,NONE(0),NULL,0.0,0.0,False,False,False,1.0,1.0,1.0,1.0,False,False,False,False,False,False,1,False,1,,False,False,False,False,True,3,True,True,1.0,1.0,False,True,,False,False,1.0,False,False,False,NONE(0),BLOW(8),,0.0,0.0,-1,0.0,0.0,0.0,NORMAL(0),False,99abca69-66dd-466b-afe8-67a1d9bc0703,False,NONE(7350),True,THRUST_01(26142),False,溜め強叩きつけ（一段目）,,溜め強叩きつけ（一段目）,,1,,0,,,,ContinuousCapsule,"{'start': {'x': 0.05, 'y': 0.0, 'z': 0.5793138}, 'end': {'x': 0.05, 'y': 0.0, 'z': 1.6284885}, 'radius': 0.75}"
27,NORMAL(0),CAPTURE_NET(-956543104),FRONT(0),0.0,15.0,0.0,NORMAL(0),0.0,S(165454032),NONE(-94023312),NONE(0),0,0.0,STAMINA(-392388800),False,0.0,True,0.0,20.0,NONE(0),0.0,0.0,PRIO_8(7),ATTACK_FIRST(0),False,False,AUTO(-1072110528),BLOW(2),1.0,0.0,0.0,NONE(0),NULL,0.0,0.0,False,False,False,1.0,1.0,1.0,1.0,False,False,False,False,False,False,1,False,1,,False,False,False,False,True,3,True,True,1.0,1.0,False,True,,False,False,1.0,False,False,False,NONE(0),BLOW(8),,0.0,0.0,-1,0.0,0.0,0.0,NORMAL(0),False,99abca69-66dd-466b-afe8-67a1d9bc0703,False,NONE(7350),True,STOMP_02(-1421223296),False,溜め強叩きつけ（二段目）,,溜め強叩きつけ（二段目）,,1,,0,,,,ContinuousCapsule,"{'start': {'x': 0.05, 'y': 0.0, 'z': 0.5793138}, 'end': {'x': 0.05, 'y': 0.0, 'z': 1.6284885}, 'radius': 0.75}"
28,NORMAL(0),CAPTURE_NET(-956543104),FRONT(0),0.0,110.0,0.0,NORMAL(0),0.0,S(165454032),NONE(-94023312),NONE(0),0,0.0,STAMINA(-392388800),False,30.0,True,0.0,55.0,NONE(0),0.0,0.0,PRIO_8(7),ATTACK_FIRST(0),False,False,AUTO(-1072110528),BLOW(2),1.0,0.0,0.0,NONE(0),NULL,0.0,0.0,False,False,False,1.0,1.0,1.0,1.0,False,False,False,False,False,False,1,False,1,,False,False,False,False,True,5,True,True,1.0,1.0,False,True,,False,False,1.0,False,False,False,NONE(0),BLOW(8),,0.0,0.0,-1,0.0,0.0,0.0,SLIP(22),False,87cdb999-bc73-4a9c-b9b9-cbeb4d021d6f,False,NONE(7350),True,STOMP_03(-1072143104),False,溜め強叩きつけ（三段目）,,溜め強叩きつけ（三段目）,,6,,0,,,,ContinuousSphere,"{'x': 0.0, 'y': 0.0, 'z': 1.790865, 'radius': 1.5}"
29,NORMAL(0),CAPTURE_NET(-956543104),DOWN(3),0.0,37.0,0.0,NORMAL(0),0.0,S(165454032),NONE(-94023312),NONE(0),0,0.0,STAMINA(-392388800),False,10.0,True,0.0,20.0,NONE(0),0.0,0.0,PRIO_8(7),ATTACK_FIRST(0),False,False,AUTO(-1072110528),BLOW(2),1.0,0.0,55.0,NONE(0),NULL,0.0,0.0,False,False,False,1.0,1.0,1.0,1.0,False,False,False,False,False,False,1,False,1,,False,False,False,False,False,10,True,True,1.0,1.0,True,True,,False,False,1.0,False,False,False,NONE(0),BLOW(8),,0.0,0.0,-1,0.0,0.0,0.0,NORMAL(0),False,00000000-0000-0000-0000-000000000000,False,NONE(7350),True,STOMP_01(542678976),False,ジャンプ叩きつけ,,ジャンプ叩きつけ,,1,,0,,,,ContinuousCapsule,"{'start': {'x': 0.05, 'y': 0.0, 'z': 0.5793138}, 'end': {'x': 0.05, 'y': 0.0, 'z': 1.6284885}, 'radius': 0.75}"
30,NORMAL(0),CAPTURE_NET(-956543104),DOWN(3),0.0,72.0,0.0,NORMAL(0),0.0,S(165454032),NONE(-94023312),NONE(0),0,0.0,STAMINA(-392388800),False,10.0,True,0.0,40.0,NONE(0),0.0,0.0,PRIO_8(7),ATTACK_FIRST(0),False,False,AUTO(-1072110528),BLOW(2),1.0,0.0,55.0,NONE(0),NULL,0.0,0.0,False,False,False,1.0,1.0,1.0,1.0,False,False,False,False,False,False,1,False,1,,False,False,False,False,False,10,True,True,1.1,1.0,True,True,,False,False,1.0,False,False,False,NONE(0),BLOW(8),,0.0,0.0,-1,0.0,0.0,0.0,NORMAL(0),False,99abca69-66dd-466b-afe8-67a1d9bc0703,True,NONE(7350),True,STOMP_01(542678976),False,ジャンプ溜め攻撃,,ジャンプ溜め攻撃,,6,,0,,,,ContinuousSphere,"{'x': 0.0, 'y': 0.0, 'z': 1.790865, 'radius': 1.5}"
31,NORMAL(0),CAPTURE_NET(-956543104),DOWN(3),0.0,77.0,0.0,NORMAL(0),0.0,S(165454032),NONE(-94023312),NONE(0),0,0.0,STAMINA(-392388800),False,10.0,True,0.0,45.0,NONE(0),0.0,0.0,PRIO_8(7),ATTACK_FIRST(0),False,False,AUTO(-1072110528),BLOW(2),1.0,0.0,80.0,NONE(0),NULL,0.0,0.0,False,False,False,1.0,1.0,1.0,1.0,False,False,False,False,False,False,1,False,1,,False,False,False,False,False,10,True,True,1.2,1.0,True,True,,False,False,1.0,False,False,False,NONE(0),BLOW(8),,0.0,0.0,-1,0.0,0.0,0.0,NORMAL(0),False,99abca69-66dd-466b-afe8-67a1d9bc0703,True,NONE(7350),True,STOMP_01(542678976),False,ジャンプ溜め攻撃（2段階目）,,ジャンプ溜め攻撃（2段階目）,,6,,0,,,,ContinuousSphere,"{'x': 0.0, 'y': 0.0, 'z': 1.790865, 'radius': 1.5}"
32,NORMAL(0),CAPTURE_NET(-956543104),DOWN(3),0.0,88.0,0.0,NORMAL(0),0.0,S(165454032),NONE(-94023312),NONE(0),0,0.0,STAMINA(-392388800),False,10.0,True,0.0,55.0,NONE(0),0.0,0.0,PRIO_8(7),ATTACK_FIRST(0),False,False,AUTO(-1072110528),BLOW(2),1.0,0.0,100.0,NONE(0),NULL,0.0,0.0,False,False,False,1.0,1.0,1.0,1.0,False,False,False,False,False,False,1,False,1,,False,False,False,False,False,10,True,True,1.5,1.0,True,True,,False,False,1.0,False,False,False,NONE(0),BLOW(8),,0.0,0.0,-1,0.0,0.0,0.0,NORMAL(0),False,87cdb999-bc73-4a9c-b9b9-cbeb4d021d6f,True,NONE(7350),True,STOMP_02(-1421223296),False,ジャンプ溜め攻撃（3段階目）,,ジャンプ溜め攻撃（3段階目）,,6,,0,,,,ContinuousSphere,"{'x': 0.0, 'y': 0.0, 'z': 1.790865, 'radius': 1.5}"
33,NORMAL(0),CAPTURE_NET(-956543104),FRONT(0),0.0,27.0,0.0,NORMAL(0),0.0,S(165454032),NONE(-94023312),NONE(0),0,0.0,STAMINA(-392388800),False,2.0,True,0.0,10.0,NONE(0),0.0,0.0,PRIO_8(7),ATTACK_FIRST(0),False,False,AUTO(-1072110528),BLOW(2),1.0,0.0,10.0,NONE(0),NULL,0.0,0.0,False,False,False,1.0,1.0,1.0,1.0,False,False,False,False,False,False,1,False,1,,False,False,False,False,True,3,True,True,1.0,1.0,False,True,,False,False,1.0,False,False,False,NONE(0),BLOW(8),,0.0,0.0,-1,0.0,0.0,0.0,NORMAL(0),False,99abca69-66dd-466b-afe8-67a1d9bc0703,True,NONE(7350),True,STOMP_01(542678976),False,空中回転攻撃,,空中回転攻撃,,1,,0,,,,ContinuousCapsule,"{'start': {'x': 0.05, 'y': 0.0, 'z': 0.5793138}, 'end': {'x': 0.05, 'y': 0.0, 'z': 1.6284885}, 'radius': 0.75}"
34,NORMAL(0),CAPTURE_NET(-956543104),FRONT(0),0.0,110.0,0.0,NORMAL(0),0.0,S(165454032),NONE(-94023312),NONE(0),0,0.0,STAMINA(-392388800),False,30.0,True,0.0,60.0,NONE(0),0.0,0.0,PRIO_8(7),ATTACK_FIRST(0),False,False,AUTO(-1072110528),BLOW(2),1.0,0.0,0.0,NONE(0),NULL,0.0,0.0,False,False,False,1.0,1.0,1.0,1.0,False,False,False,False,False,False,1,False,1,,False,False,False,False,False,10,True,True,1.0,1.0,False,True,,False,False,1.0,False,False,False,NONE(0),BLOW(8),,0.0,0.0,-1,0.0,0.0,0.0,NORMAL(0),False,87cdb999-bc73-4a9c-b9b9-cbeb4d021d6f,True,NONE(7350),True,STOMP_02(-1421223296),False,空中回転攻撃フィニッシュ,,空中回転攻撃フィニッシュ,,6,,0,,,,ContinuousSphere,"{'x': 0.0, 'y': 0.0, 'z': 1.790865, 'radius': 1.5}"
35,NORMAL(0),CAPTURE_NET(-956543104),UP(2),0.0,130.0,0.0,NORMAL(0),0.0,S(165454032),NONE(-94023312),NONE(0),0,0.0,STAMINA(-392388800),False,10.0,True,0.0,40.0,NONE(0),0.0,0.0,PRIO_8(7),ATTACK_FIRST(0),False,False,AUTO(-1072110528),BLOW(2),1.2,0.0,0.0,NONE(0),NULL,0.0,0.0,False,False,False,1.0,1.0,1.0,1.0,False,False,False,False,False,False,1,False,1,,False,False,False,False,False,10,True,True,1.0,1.0,False,True,,False,False,1.0,False,False,False,NONE(0),BLOW(8),,0.0,0.0,-1,0.0,0.0,0.0,SLIP(22),False,87cdb999-bc73-4a9c-b9b9-cbeb4d021d6f,False,NONE(7350),True,STOMP_02(-1421223296),False,渾身溜めアッパーLv0,,渾身溜めアッパーLv1,,1,,0,,,,ContinuousCapsule,"{'start': {'x': 0.05, 'y': 0.0, 'z': 0.5793138}, 'end': {'x': 0.05, 'y': 0.0, 'z': 1.6284885}, 'radius': 0.75}"
40,NORMAL(0),CAPTURE_NET(-956543104),FRONT(0),0.0,20.0,0.0,NORMAL(0),0.0,S(165454032),NONE(-94023312),NONE(0),0,0.0,NONE(1220034176),False,0.0,True,0.0,5.0,NONE(0),0.0,0.0,PRIO_8(7),ATTACK_FIRST(0),False,False,AUTO(-1072110528),BLOW(2),1.0,0.0,0.0,NONE(0),NULL,0.0,0.0,False,False,False,1.0,1.0,1.0,1.0,False,False,False,False,False,False,1,False,1,,False,False,False,False,True,3,True,True,1.0,1.0,False,True,,False,False,1.0,False,False,False,NONE(0),BLOW(8),,0.0,0.0,-1,0.0,0.0,0.0,GESTURE(7),False,99abca69-66dd-466b-afe8-67a1d9bc0703,True,WP04_SUPER_CHARGE_ATTACK_SMASH(7782),True,STOMP_00(511848320),False,Max追い溜め(一段目),,渾身溜め(一段目),,1,,0,,,,ContinuousCapsule,"{'start': {'x': 0.05, 'y': 0.0, 'z': 0.5793138}, 'end': {'x': 0.05, 'y': 0.0, 'z': 1.6284885}, 'radius': 0.75}"
41,NORMAL(0),CAPTURE_NET(-956543104),FRONT(0),0.0,20.0,0.0,NORMAL(0),0.0,S(165454032),NONE(-94023312),NONE(0),0,0.0,NONE(1220034176),False,0.0,True,0.0,5.0,NONE(0),0.0,0.0,PRIO_8(7),ATTACK_FIRST(0),False,False,AUTO(-1072110528),BLOW(2),1.0,0.0,0.0,NONE(0),NULL,0.0,0.0,False,False,False,1.0,1.0,1.0,1.0,False,False,False,False,False,False,1,False,1,,False,False,False,False,True,3,True,True,1.0,1.0,False,True,,False,False,1.0,False,False,False,NONE(0),BLOW(8),,0.0,0.0,-1,0.0,0.0,0.0,GESTURE(7),False,87cdb999-bc73-4a9c-b9b9-cbeb4d021d6f,True,WP04_SUPER_CHARGE_ATTACK_SMASH(7782),True,STOMP_01(542678976),False,Max追い溜め(二段目),,渾身溜め(二段目),,1,,0,,,,ContinuousCapsule,"{'start': {'x': 0.05, 'y': 0.0, 'z': 0.5793138}, 'end': {'x': 0.05, 'y': 0.0, 'z': 1.6284885}, 'radius': 0.75}"
42,NORMAL(0),CAPTURE_NET(-956543104),FRONT(0),0.0,200.0,0.0,NORMAL(0),0.0,S(165454032),NONE(-94023312),NONE(0),0,0.0,STAMINA(-392388800),False,30.0,True,0.0,40.0,NONE(0),0.0,0.0,PRIO_8(7),ATTACK_FIRST(0),False,False,AUTO(-1072110528),BLOW(2),1.5,0.0,0.0,NONE(0),NULL,0.0,0.0,False,False,False,1.0,1.0,1.0,1.0,False,False,False,False,False,False,1,False,1,,False,False,False,False,True,4,True,True,1.5,1.0,False,True,,False,False,1.0,False,False,False,NONE(0),BLOW(8),,0.0,0.0,-1,0.0,0.0,0.0,SLIP(22),False,0605ed83-6597-4b8b-ba05-0e255fcf25cb,True,WP04_SUPER_CHARGE_ATTACK_SMASH(7782),True,SLASH_05(-1992545536),False,Max追い溜め(三段目),,渾身溜め(三段目),,6,,0,,,,ContinuousSphere,"{'x': 0.0, 'y': 0.0, 'z': 1.790865, 'radius': 1.5}"
36,NORMAL(0),CAPTURE_NET(-956543104),FRONT(0),0.0,20.0,0.0,NORMAL(0),0.0,S(165454032),NONE(-94023312),NONE(0),0,0.0,NONE(1220034176),False,0.0,True,0.0,0.0,NONE(0),0.0,0.0,PRIO_8(7),ATTACK_FIRST(0),False,False,AUTO(-1072110528),BLOW(2),1.0,0.0,0.0,NONE(0),NULL,0.0,0.0,False,False,False,1.0,1.0,1.0,1.0,False,False,False,False,False,False,1,False,1,,False,False,False,False,False,10,True,True,1.0,1.0,False,True,,False,False,1.0,False,False,False,NONE(0),BLOW(8),,0.0,0.0,-1,0.0,0.0,0.0,NONE(55),False,00000000-0000-0000-0000-000000000000,False,NONE(7350),False,INVALID(-361180672),False,ごり押し溜め 失敗,,【未使用】ごり押し溜め 失敗,,1,,0,,,,ContinuousCapsule,"{'start': {'x': 0.05, 'y': 0.0, 'z': 0.5793138}, 'end': {'x': 0.05, 'y': 0.0, 'z': 1.6284885}, 'radius': 0.75}"
37,NORMAL(0),CAPTURE_NET(-956543104),FRONT(0),0.0,15.0,0.0,NORMAL(0),0.0,S(165454032),NONE(-94023312),NONE(0),0,0.0,NONE(1220034176),False,0.0,True,0.0,5.0,NONE(0),0.0,0.0,PRIO_8(7),ATTACK_FIRST(0),False,False,AUTO(-1072110528),BLOW(2),1.0,0.0,0.0,NONE(0),NULL,0.0,0.0,False,False,False,1.0,1.0,1.0,1.0,False,False,False,False,False,False,1,False,1,,False,False,False,False,False,10,True,True,1.0,1.0,False,True,,False,False,1.0,False,False,False,NONE(0),BLOW(8),,0.0,0.0,-1,0.0,0.0,0.0,NONE(55),False,00000000-0000-0000-0000-000000000000,False,NONE(7350),False,INVALID(-361180672),False,ごり押し溜め 成功(1段目),,【未使用】ごり押し溜め 成功(1段目),,1,,0,,,,ContinuousCapsule,"{'start': {'x': 0.05, 'y': 0.0, 'z': 0.5793138}, 'end': {'x': 0.05, 'y': 0.0, 'z': 1.6284885}, 'radius': 0.75}"
38,NORMAL(0),CAPTURE_NET(-956543104),FRONT(0),0.0,50.0,0.0,NORMAL(0),0.0,S(165454032),NONE(-94023312),NONE(0),0,0.0,NONE(1220034176),False,0.0,True,0.0,50.0,NONE(0),0.0,0.0,PRIO_8(7),ATTACK_FIRST(0),False,False,AUTO(-1072110528),BLOW(2),1.0,0.0,0.0,NONE(0),NULL,0.0,0.0,False,False,False,1.0,1.0,1.0,1.0,False,False,False,False,False,False,1,False,1,,False,False,False,False,False,10,True,True,1.0,1.0,False,True,,False,False,1.0,False,False,False,NONE(0),BLOW(8),,0.0,0.0,-1,0.0,0.0,0.0,NONE(55),False,00000000-0000-0000-0000-000000000000,False,NONE(7350),False,INVALID(-361180672),False,ごり押し溜め 成功(2段目),,【未使用】ごり押し溜め 成功(2段目),,1,,0,,,,ContinuousCapsule,"{'start': {'x': 0.05, 'y': 0.0, 'z': 0.5793138}, 'end': {'x': 0.05, 'y': 0.0, 'z': 1.6284885}, 'radius': 0.75}"
39,NORMAL(0),CAPTURE_NET(-956543104),UP(2),0.0,95.0,0.0,NORMAL(0),0.0,S(165454032),NONE(-94023312),NONE(0),0,0.0,STAMINA(-392388800),False,10.0,True,0.0,50.0,NONE(0),0.0,0.0,PRIO_14(1),ATTACK_FIRST(0),False,False,AUTO(-1072110528),BLOW(2),1.0,150.0,0.0,NONE(0),NULL,0.0,0.0,False,False,False,1.0,1.0,1.0,1.0,False,False,False,False,False,False,1,False,1,,False,False,False,False,False,10,True,True,1.3,1.0,False,True,,False,False,1.0,False,False,False,NONE(0),PARRY(-974652928),,0.0,0.0,-1,0.0,0.0,0.0,NONE(55),False,87cdb999-bc73-4a9c-b9b9-cbeb4d021d6f,False,NONE(7350),True,PARRY_02(-1304252288),False,[相殺アタリ]アッパー,,相殺アッパー,,13,,0,,,,Capsule,"{'start': {'x': 0.05000006, 'y': 0.0, 'z': 0.867}, 'end': {'x': 0.04999994, 'y': 0.0, 'z': 2.0}, 'radius': 1.0}"
43,NORMAL(0),CAPTURE_NET(-956543104),FRONT(0),0.0,30.0,0.0,NORMAL(0),0.0,S(165454032),NONE(-94023312),NONE(0),0,0.0,STAMINA(-392388800),False,10.0,True,0.0,15.0,NONE(0),0.0,0.0,PRIO_8(7),ATTACK_FIRST(0),False,False,AUTO(-1072110528),BLOW(2),1.0,0.0,0.0,NONE(0),NULL,0.0,0.0,False,False,True,1.0,1.0,1.0,1.0,False,False,True,True,False,False,1,False,1,,False,False,False,False,False,10,True,True,1.0,1.0,False,True,,False,False,1.0,False,False,False,NONE(0),BLOW(8),,0.0,0.0,-1,0.0,0.0,0.0,NORMAL(0),False,99abca69-66dd-466b-afe8-67a1d9bc0703,False,NONE(7350),True,SLASH_02(-1266751488),False,エイム振り攻撃,,エイム振り攻撃,|,5,,0,|,|,|,ContinuousCapsule|ContinuousCapsule,"{'start': {'x': 0.049999878, 'y': 0.0, 'z': 1.257028}, 'end': {'x': 0.050001707, 'y': 0.0, 'z': 2.1}, 'radius': 1.5}|{'start': {'x': 0.049999878, 'y': 0.8724011, 'z': 1.257028}, 'end': {'x': 0.050001707, 'y': 0.8724011, 'z': 2.1}, 'radius': 1.5}"
44,NORMAL(0),CAPTURE_NET(-956543104),FRONT(0),0.0,5.0,0.0,NORMAL(0),0.0,S(165454032),NONE(-94023312),NONE(0),0,0.0,NONE(1220034176),False,0.0,True,0.0,5.0,NONE(0),0.0,0.0,PRIO_8(7),ATTACK_FIRST(0),False,False,AUTO(-1072110528),BLOW(2),1.0,0.0,0.0,NONE(0),NULL,0.0,0.0,False,False,False,1.0,1.0,1.0,1.0,False,False,False,False,False,False,1,False,1,,False,False,False,False,False,10,True,True,1.0,1.0,False,True,,False,False,1.0,False,False,False,NONE(0),BLOW(8),,0.0,0.0,-1,0.0,0.0,0.0,NONE(55),False,99abca69-66dd-466b-afe8-67a1d9bc0703,False,NONE(7350),True,INVALID(-361180672),False,エイムヒット駆け上がり攻撃,,【未使用】エイムヒット駆け上がり攻撃,,1,,0,,,,ContinuousCapsule,"{'start': {'x': 0.05, 'y': 0.0, 'z': 0.5793138}, 'end': {'x': 0.05, 'y': 0.0, 'z': 1.6284885}, 'radius': 0.75}"
45,NORMAL(0),CAPTURE_NET(-956543104),FRONT(0),0.0,30.0,0.0,NORMAL(0),0.0,S(165454032),NONE(-94023312),NONE(0),0,0.0,STAMINA(-392388800),False,2.0,True,0.0,10.0,NONE(0),0.0,0.0,PRIO_8(7),ATTACK_FIRST(0),False,False,AUTO(-1072110528),BLOW(2),1.0,0.0,0.0,NONE(0),NULL,0.0,0.0,False,False,False,1.0,1.0,1.0,1.0,False,False,True,True,False,False,1,False,1,,False,False,False,False,True,2,True,True,1.0,1.0,False,True,,False,False,1.0,False,False,False,NONE(0),BLOW(8),,0.0,0.0,-1,0.0,0.0,0.0,NONE(55),False,87cdb999-bc73-4a9c-b9b9-cbeb4d021d6f,False,NONE(7350),True,SLASH_00(-373688000),False,エイムヒットグルグル攻撃,,エイムヒットグルグル攻撃,|,9,,0,|,|,|,ContinuousCapsule|ContinuousCapsule,"{'start': {'x': 0.05, 'y': 0.0, 'z': 0.5793138}, 'end': {'x': 0.05, 'y': 0.0, 'z': 1.289441}, 'radius': 0.6}|{'start': {'x': 0.050000474, 'y': 0.0, 'z': 1.8428944}, 'end': {'x': 0.05000068, 'y': 0.0, 'z': 2.1113157}, 'radius': 0.9}"
46,NORMAL(0),CAPTURE_NET(-956543104),DOWN(3),0.0,45.0,0.0,NORMAL(0),0.0,S(165454032),NONE(-94023312),NONE(0),0,0.0,STAMINA(-392388800),False,10.0,True,0.0,15.0,NONE(0),0.0,0.0,PRIO_8(7),ATTACK_FIRST(0),False,False,AUTO(-1072110528),BLOW(2),1.0,0.0,0.0,NONE(0),NULL,0.0,0.0,False,False,False,1.0,1.0,1.0,1.0,False,False,False,False,False,False,1,False,1,,False,False,False,False,True,5,True,True,1.0,1.0,False,True,,False,False,1.0,False,False,False,NONE(0),BLOW(8),,0.0,0.0,-1,0.0,0.0,0.0,NONE(55),False,304c9706-22eb-4c65-a849-55eb68b5c7ca,False,NONE(7350),True,SLASH_03(-1274185216),False,エイムヒットグルグル攻撃フィニッシュ,,エイムヒットグルグル攻撃フィニッシュ,|,9,,0,|,|,|,ContinuousCapsule|ContinuousCapsule,"{'start': {'x': 0.05, 'y': 0.0, 'z': 0.5793138}, 'end': {'x': 0.05, 'y': 0.0, 'z': 1.289441}, 'radius': 0.6}|{'start': {'x': 0.050000474, 'y': 0.0, 'z': 1.8428944}, 'end': {'x': 0.05000068, 'y': 0.0, 'z': 2.1113157}, 'radius': 0.9}"
47,NONE(55),CAPTURE_NET(-956543104),DOWN(3),0.0,37.0,0.0,NORMAL(0),0.0,S(165454032),NONE(-94023312),NONE(0),0,0.0,STAMINA(-392388800),False,10.0,True,0.0,10.0,NONE(0),0.0,0.0,PRIO_8(7),ATTACK_FIRST(0),False,False,AUTO(-1072110528),BLOW(2),1.0,0.0,0.0,WP(2),NULL,15.0,15.0,False,False,False,1.0,1.0,1.0,1.0,False,False,True,False,False,False,1,False,1,,False,False,False,False,True,1,True,True,1.0,1.0,False,True,,False,False,1.0,False,False,False,NONE(0),BLOW(8),,0.0,0.0,-1,0.0,0.0,0.0,NONE(55),False,99abca69-66dd-466b-afe8-67a1d9bc0703,False,NONE(7350),True,SLASH_01(330801824),False,EM乗り攻撃,,EM乗り攻撃,|,9,,0,|,|,|,ContinuousCapsule|ContinuousCapsule,"{'start': {'x': 0.05, 'y': 0.0, 'z': 0.5793138}, 'end': {'x': 0.05, 'y': 0.0, 'z': 1.289441}, 'radius': 0.6}|{'start': {'x': 0.050000474, 'y': 0.0, 'z': 1.8428944}, 'end': {'x': 0.05000068, 'y': 0.0, 'z': 2.1113157}, 'radius': 0.9}"
48,NONE(55),CAPTURE_NET(-956543104),DOWN(3),0.0,140.0,0.0,NORMAL(0),0.0,S(165454032),NONE(-94023312),NONE(0),0,0.0,STAMINA(-392388800),False,10.0,True,0.0,10.0,NONE(0),0.0,0.0,PRIO_8(7),ATTACK_FIRST(0),False,False,AUTO(-1072110528),BLOW(2),1.0,0.0,0.0,PRE_FINISH(4),NULL,0.0,0.0,False,False,False,1.0,1.0,1.0,1.0,False,False,True,False,False,False,1,False,1,,False,False,False,False,True,1,True,True,1.0,1.0,False,True,,False,False,1.0,False,False,False,NONE(0),BLOW(8),,0.0,0.0,-1,0.0,0.0,0.0,NONE(55),False,99abca69-66dd-466b-afe8-67a1d9bc0703,False,NONE(7350),True,SLASH_01(330801824),False,EM乗りフィニッシュ攻撃(1段目),,EM乗りフィニッシュ攻撃(1段目),|,8,,0,|,|,|,ContinuousCapsule|ContinuousCapsule,"{'start': {'x': 0.0, 'y': -1.8, 'z': 1.3}, 'end': {'x': 0.0, 'y': 0.5, 'z': 1.3}, 'radius': 0.6}|{'start': {'x': 0.05, 'y': 0.0, 'z': 0.5793138}, 'end': {'x': 0.05, 'y': 0.0, 'z': 1.289441}, 'radius': 0.6}"
49,NONE(55),CAPTURE_NET(-956543104),LEFT(4),0.0,100.0,0.0,NORMAL(0),0.0,S(165454032),NONE(-94023312),NONE(0),0,0.0,STAMINA(-392388800),False,10.0,True,0.0,30.0,NONE(0),0.0,0.0,PRIO_8(7),ATTACK_FIRST(0),False,False,AUTO(-1072110528),BLOW(2),1.0,0.0,0.0,FINISH(3),NULL,0.0,0.0,False,False,False,1.0,1.0,1.0,1.0,False,False,False,False,False,False,1,False,1,,False,False,False,False,True,1,True,True,1.0,1.0,False,True,,False,False,1.0,False,False,False,NONE(0),BLOW(8),,0.0,0.0,-1,0.0,0.0,0.0,NONE(55),False,87cdb999-bc73-4a9c-b9b9-cbeb4d021d6f,False,NONE(7350),True,SLASH_02(-1266751488),False,EM乗りフィニッシュ攻撃(2段目),,EM乗りフィニッシュ攻撃(2段目),|,8,,0,|,|,|,ContinuousCapsule|ContinuousCapsule,"{'start': {'x': 0.0, 'y': -1.8, 'z': 1.3}, 'end': {'x': 0.0, 'y': 0.5, 'z': 1.3}, 'radius': 0.6}|{'start': {'x': 0.05, 'y': 0.0, 'z': 0.5793138}, 'end': {'x': 0.05, 'y': 0.0, 'z': 1.289441}, 'radius': 0.6}"
50,NONE(55),CAPTURE_NET(-956543104),FRONT(0),0.0,10.0,0.0,NORMAL(0),0.0,S(165454032),NONE(-94023312),NONE(0),0,0.0,STAMINA(-392388800),False,2.0,True,0.0,2.0,NONE(0),0.0,0.0,PRIO_8(7),ATTACK_FIRST(0),False,False,AUTO(-1072110528),BLOW(2),1.0,0.0,0.0,NONE(0),NULL,0.0,0.0,False,False,False,1.0,1.0,1.0,1.0,False,False,False,False,False,False,1,False,1,,False,False,False,False,False,10,True,True,1.0,1.0,False,True,,False,False,1.0,False,False,False,NONE(0),BLOW(8),,0.0,0.0,-1,0.0,0.0,0.0,GESTURE(7),False,00000000-0000-0000-0000-000000000000,False,NONE(7350),True,STOMP_02(-1421223296),False,騎乗攻撃,,騎乗攻撃,|,9,,0,|,|,|,ContinuousCapsule|ContinuousCapsule,"{'start': {'x': 0.05, 'y': 0.0, 'z': 0.5793138}, 'end': {'x': 0.05, 'y': 0.0, 'z': 1.289441}, 'radius': 0.6}|{'start': {'x': 0.050000474, 'y': 0.0, 'z': 1.8428944}, 'end': {'x': 0.05000068, 'y': 0.0, 'z': 2.1113157}, 'radius': 0.9}"
51,NONE(55),CAPTURE_NET(-956543104),FRONT(0),0.0,10.0,0.0,NORMAL(0),0.0,S(165454032),NONE(-94023312),NONE(0),0,0.0,STAMINA(-392388800),False,2.0,True,0.0,10.0,NONE(0),0.0,0.0,PRIO_8(7),ATTACK_FIRST(0),False,False,AUTO(-1072110528),BLOW(2),1.0,0.0,10.0,NONE(0),NULL,0.0,0.0,False,False,False,1.0,1.0,1.0,1.0,False,False,False,False,False,False,1,False,1,,False,False,False,False,False,10,True,True,1.0,1.0,False,True,,False,False,1.0,False,False,False,NONE(0),BLOW(8),,0.0,0.0,-1,0.0,0.0,0.0,NORMAL(0),False,99abca69-66dd-466b-afe8-67a1d9bc0703,False,NONE(7350),True,STOMP_01(542678976),False,下乗攻撃,,下乗攻撃,,1,,0,,,,ContinuousCapsule,"{'start': {'x': 0.05, 'y': 0.0, 'z': 0.5793138}, 'end': {'x': 0.05, 'y': 0.0, 'z': 1.6284885}, 'radius': 0.75}"
52,NORMAL(0),CAPTURE_NET(-956543104),FRONT(0),0.0,37.0,0.0,NORMAL(0),0.0,S(165454032),NONE(-94023312),NONE(0),0,0.0,STAMINA(-392388800),False,10.0,True,0.0,20.0,NONE(0),0.0,0.0,PRIO_8(7),ATTACK_FIRST(0),False,False,AUTO(-1072110528),BLOW(2),1.0,0.0,0.0,NONE(0),NULL,0.0,0.0,False,False,False,1.0,1.0,1.0,1.0,False,False,False,False,False,False,1,False,1,,False,False,False,False,False,10,True,True,1.0,1.0,False,True,,False,False,1.0,False,False,False,NONE(0),BLOW(8),,0.0,0.0,-1,0.0,0.0,0.0,NORMAL(0),False,87cdb999-bc73-4a9c-b9b9-cbeb4d021d6f,True,NONE(7350),True,STOMP_03(-1072143104),False,下乗攻撃フィニッシュ,,下乗攻撃フィニッシュ,,11,,0,,,,ContinuousCapsule,"{'start': {'x': -1.4, 'y': 0.0, 'z': 1.2931329}, 'end': {'x': 0.0, 'y': 0.0, 'z': 1.289441}, 'radius': 0.6}"
53,NONE(55),CAPTURE_NET(-956543104),FRONT(0),0.0,106.0,0.0,NORMAL(0),0.0,S(165454032),NONE(-94023312),NONE(0),0,0.0,STAMINA(-392388800),False,10.0,True,0.0,30.0,NONE(0),0.0,0.0,PRIO_8(7),ATTACK_FIRST(0),False,False,AUTO(-1072110528),BLOW(2),1.0,0.0,0.0,NONE(0),NULL,0.0,0.0,False,False,False,1.0,1.0,1.0,1.0,False,True,False,False,False,False,1,False,1,,False,False,False,False,False,10,True,True,1.0,1.0,False,True,,False,False,1.0,False,False,False,NONE(0),BLOW(8),,0.0,0.0,-1,0.0,0.0,0.0,GESTURE(7),False,87cdb999-bc73-4a9c-b9b9-cbeb4d021d6f,False,NONE(7350),True,STOMP_03(-1072143104),True,ステルス攻撃,,ステルス攻撃,,3,,0,,,,ContinuousCapsule,"{'start': {'x': 0.05000031, 'y': 0.0, 'z': 1.4362098}, 'end': {'x': 0.05000035, 'y': 0.0, 'z': 4.0}, 'radius': 1.5}"
54,NONE(55),CAPTURE_NET(-956543104),FRONT(0),0.0,5.0,0.0,NORMAL(0),0.0,S(165454032),NONE(-94023312),NONE(0),0,0.0,STAMINA(-392388800),False,5.0,True,0.0,1.0,NONE(0),0.0,0.0,PRIO_8(7),ATTACK_FIRST(0),False,False,AUTO(-1072110528),BLOW(2),1.0,0.0,0.0,NONE(0),NULL,0.0,0.0,False,False,False,1.0,1.0,1.0,1.0,False,False,False,False,True,False,1,False,1,,False,False,False,False,True,3,True,True,1.0,1.0,False,True,,False,False,1.0,False,False,False,NONE(0),BLOW(8),,0.0,0.0,-1,0.0,0.0,0.0,GESTURE(7),False,87cdb999-bc73-4a9c-b9b9-cbeb4d021d6f,True,NONE(7350),True,STOMP_01(542678976),True,空中ステルスグルグル攻撃,,空中ステルス攻撃グルグル攻撃,,1,,0,,,,ContinuousCapsule,"{'start': {'x': 0.05, 'y': 0.0, 'z': 0.5793138}, 'end': {'x': 0.05, 'y': 0.0, 'z': 1.6284885}, 'radius': 0.75}"
55,NONE(55),CAPTURE_NET(-956543104),FRONT(0),0.0,95.0,0.0,NORMAL(0),0.0,S(165454032),NONE(-94023312),NONE(0),0,0.0,STAMINA(-392388800),False,10.0,True,0.0,30.0,NONE(0),0.0,0.0,PRIO_8(7),ATTACK_FIRST(0),False,False,AUTO(-1072110528),BLOW(2),1.0,0.0,0.0,NONE(0),NULL,0.0,0.0,False,False,False,1.0,1.0,1.0,1.0,False,True,False,False,False,False,1,False,1,,False,False,False,False,False,10,True,True,1.0,1.0,False,True,,False,False,1.0,False,False,False,NONE(0),BLOW(8),,0.0,0.0,-1,0.0,0.0,0.0,GESTURE(7),False,304c9706-22eb-4c65-a849-55eb68b5c7ca,True,NONE(7350),True,STOMP_02(-1421223296),True,空中ステルスグルグル攻撃フィニッシュ,,空中ステルス攻撃グルグル攻撃フィニッシュ,,0,,0,,,,Sphere,"{'x': 0.0, 'y': 0.0, 'z': 1.4196401, 'radius': 3.0}"
56,NONE(55),CAPTURE_NET(-956543104),FRONT(0),0.0,15.0,0.0,NORMAL(0),0.0,NONE(1444776192),NONE(-94023312),NONE(0),0,0.0,NONE(1220034176),False,0.0,True,0.0,0.0,NONE(0),0.0,0.0,PRIO_14(1),ATTACK_FIRST(0),False,False,AUTO(-1072110528),NONE(0),1.0,0.0,0.0,NONE(0),NULL,0.0,0.0,False,False,True,1.0,1.0,1.0,1.0,False,False,True,True,False,False,1,False,1,,False,False,True,False,False,10,False,False,1.0,1.0,False,True,,False,False,1.0,False,False,False,NONE(0),NONE(10),,0.0,0.0,-1,0.0,0.0,0.0,NONE(55),False,00000000-0000-0000-0000-000000000000,False,NONE(7350),False,INVALID(-361180672),False,エイム攻撃傷ヒット検知用,,傷ヒット検知用,|,4,,0,|,|,|,ContinuousCapsule|ContinuousCapsule,"{'start': {'x': 0.049999878, 'y': 0.8724011, 'z': 1.257028}, 'end': {'x': 0.050001707, 'y': 0.8724011, 'z': 2.1}, 'radius': 1.5}|{'start': {'x': 0.049999878, 'y': 0.0, 'z': 1.257028}, 'end': {'x': 0.050003186, 'y': 0.0, 'z': 2.1}, 'radius': 1.5}"
57,NORMAL(0),CAPTURE_NET(-956543104),UP(2),0.0,130.0,0.0,NORMAL(0),0.0,S(165454032),NONE(-94023312),NONE(0),0,0.0,STAMINA(-392388800),False,10.0,True,0.0,40.0,NONE(0),0.0,0.0,PRIO_8(7),ATTACK_FIRST(0),False,False,AUTO(-1072110528),BLOW(2),1.2,0.0,0.0,NONE(0),NULL,0.0,0.0,False,False,False,1.0,1.0,1.0,1.0,False,False,False,False,False,False,1,False,1,,False,False,False,False,False,10,True,True,1.0,1.0,False,True,,False,False,1.0,False,False,False,NONE(0),BLOW(8),,0.0,0.0,-1,0.0,0.0,0.0,SLIP(22),False,87cdb999-bc73-4a9c-b9b9-cbeb4d021d6f,False,NONE(7350),True,STOMP_02(-1421223296),False,渾身溜めアッパーLv1,,渾身溜めアッパーLv2,,1,,0,,,,ContinuousCapsule,"{'start': {'x': 0.05, 'y': 0.0, 'z': 0.5793138}, 'end': {'x': 0.05, 'y': 0.0, 'z': 1.6284885}, 'radius': 0.75}"
61,NORMAL(0),CAPTURE_NET(-956543104),UP(2),0.0,50.0,0.0,NORMAL(0),0.0,S(165454032),NONE(-94023312),NONE(0),0,0.0,STAMINA(-392388800),False,0.0,True,0.0,1.0,NONE(0),0.0,0.0,PRIO_8(7),ATTACK_FIRST(0),False,False,AUTO(-1072110528),BLOW(2),0.1,0.0,0.0,NONE(0),NULL,0.0,0.0,False,False,False,1.0,1.0,1.0,1.0,False,False,False,False,False,False,1,False,1,,False,False,False,False,False,10,True,True,1.0,1.0,True,True,,False,False,1.0,False,False,False,NONE(0),BLOW(8),,0.0,0.0,-1,0.0,0.0,0.0,GESTURE(7),False,87cdb999-bc73-4a9c-b9b9-cbeb4d021d6f,False,NONE(7350),True,STOMP_02(-1421223296),False,,,,,1,,0,,,,ContinuousCapsule,"{'start': {'x': 0.05, 'y': 0.0, 'z': 0.5793138}, 'end': {'x': 0.05, 'y': 0.0, 'z': 1.6284885}, 'radius': 0.75}"
62,NORMAL(0),CAPTURE_NET(-956543104),FRONT(0),0.0,210.0,0.0,NORMAL(0),0.0,S(165454032),NONE(-94023312),NONE(0),0,0.0,STAMINA(-392388800),False,25.0,True,0.0,50.0,NONE(0),0.0,0.0,PRIO_8(7),ATTACK_FIRST(0),False,False,AUTO(-1072110528),BLOW(2),1.5,0.0,0.0,NONE(0),NULL,0.0,0.0,False,False,False,1.0,1.0,1.0,1.0,False,False,False,False,False,False,1,False,1,,False,False,False,False,False,10,True,True,1.5,1.0,False,True,,False,False,1.0,False,False,False,NONE(0),BLOW(8),,0.0,0.0,-1,0.0,0.0,0.0,SLIP(22),False,0605ed83-6597-4b8b-ba05-0e255fcf25cb,True,NONE(7350),True,STOMP_03(-1072143104),False,,,,,7,,0,,,,ContinuousSphere,"{'x': 0.0, 'y': 0.0, 'z': 1.3152751, 'radius': 1.5}"
60,NORMAL(0),CAPTURE_NET(-956543104),FRONT(0),0.0,20.0,0.0,NORMAL(0),0.0,S(165454032),NONE(-94023312),NONE(0),0,0.0,STAMINA(-392388800),False,1.0,True,0.0,5.0,NONE(0),0.0,0.0,PRIO_8(7),ATTACK_FIRST(0),False,False,AUTO(-1072110528),BLOW(2),1.0,0.0,0.0,NONE(0),NULL,0.0,0.0,False,False,False,1.0,1.0,1.0,1.0,False,False,False,False,False,False,1,False,1,,False,False,False,False,True,3,True,True,1.0,1.0,False,True,,False,False,1.0,False,False,False,NONE(0),BLOW(8),,0.0,0.0,-1,0.0,0.0,0.0,GESTURE(7),False,99abca69-66dd-466b-afe8-67a1d9bc0703,False,NONE(7350),True,STOMP_00(511848320),False,,,,|,9,,0,|,|,|,ContinuousCapsule|ContinuousCapsule,"{'start': {'x': 0.05, 'y': 0.0, 'z': 0.5793138}, 'end': {'x': 0.05, 'y': 0.0, 'z': 1.289441}, 'radius': 0.6}|{'start': {'x': 0.050000474, 'y': 0.0, 'z': 1.8428944}, 'end': {'x': 0.05000068, 'y': 0.0, 'z': 2.1113157}, 'radius': 0.9}"
700,NORMAL(0),CAPTURE_NET(-956543104),FRONT(0),0.0,5.0,0.0,NORMAL(0),0.0,S(165454032),NONE(-94023312),NONE(0),0,0.0,STAMINA(-392388800),False,5.0,True,0.0,5.0,NONE(0),0.0,0.0,PRIO_8(7),ATTACK_FIRST(0),False,False,AUTO(-1072110528),BLOW(2),1.0,0.0,0.0,NONE(0),NULL,0.0,0.0,False,False,False,1.0,1.0,1.0,1.0,False,False,False,False,False,False,1,False,1,,False,False,True,True,False,10,True,True,0.3,0.3,False,True,,False,False,1.0,False,False,False,NONE(0),BLOW(8),,0.0,0.0,-1,0.0,0.0,0.0,NORMAL(0),False,00000000-0000-0000-0000-000000000000,False,NONE(7350),False,STOMP_00(511848320),False,【狂化多段】振り回し,,【狂化多段】振り回し,,1,,0,,,,ContinuousCapsule,"{'start': {'x': 0.05, 'y': 0.0, 'z': 0.5793138}, 'end': {'x': 0.05, 'y': 0.0, 'z': 1.6284885}, 'radius': 0.75}"
701,NORMAL(0),CAPTURE_NET(-956543104),RIGHT(5),0.0,3.0,0.0,NORMAL(0),0.0,S(165454032),NONE(-94023312),NONE(0),0,0.0,STAMINA(-392388800),False,5.0,True,0.0,5.0,NONE(0),0.0,0.0,PRIO_8(7),ATTACK_FIRST(0),False,False,AUTO(-1072110528),BLOW(2),1.0,0.0,0.0,NONE(0),NULL,0.0,0.0,False,False,False,1.0,1.0,1.0,1.0,False,False,False,False,False,False,1,False,1,,False,False,True,True,False,10,True,True,0.3,0.3,False,True,,False,False,1.0,False,False,False,NONE(0),BLOW(8),,0.0,0.0,-1,0.0,0.0,0.0,NORMAL(0),False,00000000-0000-0000-0000-000000000000,False,NONE(7350),False,STOMP_00(511848320),False,【狂化多段】返し振り,,【狂化多段】返し振り,,1,,0,,,,ContinuousCapsule,"{'start': {'x': 0.05, 'y': 0.0, 'z': 0.5793138}, 'end': {'x': 0.05, 'y': 0.0, 'z': 1.6284885}, 'radius': 0.75}"
702,NORMAL(0),CAPTURE_NET(-956543104),FRONT(0),0.0,3.0,0.0,NORMAL(0),0.0,S(165454032),NONE(-94023312),NONE(0),0,0.0,STAMINA(-392388800),False,5.0,True,0.0,5.0,NONE(0),0.0,0.0,PRIO_8(7),ATTACK_FIRST(0),False,False,AUTO(-1072110528),BLOW(2),1.0,0.0,0.0,NONE(0),NULL,0.0,0.0,False,False,False,1.0,1.0,1.0,1.0,False,False,False,False,False,False,1,False,1,,False,False,True,True,False,10,True,True,0.3,0.3,False,True,,False,False,1.0,False,False,False,NONE(0),BLOW(8),,0.0,0.0,-1,0.0,0.0,0.0,NORMAL(0),False,00000000-0000-0000-0000-000000000000,False,NONE(7350),False,STOMP_00(511848320),False,【狂化多段】横振り,,【狂化多段】横振り,,1,,0,,,,ContinuousCapsule,"{'start': {'x': 0.05, 'y': 0.0, 'z': 0.5793138}, 'end': {'x': 0.05, 'y': 0.0, 'z': 1.6284885}, 'radius': 0.75}"
703,NORMAL(0),CAPTURE_NET(-956543104),FRONT(0),0.0,8.0,0.0,NORMAL(0),0.0,S(165454032),NONE(-94023312),NONE(0),0,0.0,STAMINA(-392388800),False,5.0,True,0.0,5.0,NONE(0),0.0,0.0,PRIO_8(7),ATTACK_FIRST(0),False,False,AUTO(-1072110528),BLOW(2),1.0,0.0,0.0,NONE(0),NULL,0.0,0.0,False,False,False,1.0,1.0,1.0,1.0,False,False,False,False,False,False,1,False,1,,False,False,True,True,False,10,True,True,0.3,0.3,False,True,,False,False,1.0,False,False,False,NONE(0),BLOW(8),,0.0,0.0,-1,0.0,0.0,0.0,NORMAL(0),False,00000000-0000-0000-0000-000000000000,False,NONE(7350),False,STOMP_01(542678976),False,【狂化多段】縦振りI,,【狂化多段】縦振りI,,1,,0,,,,ContinuousCapsule,"{'start': {'x': 0.05, 'y': 0.0, 'z': 0.5793138}, 'end': {'x': 0.05, 'y': 0.0, 'z': 1.6284885}, 'radius': 0.75}"
704,NORMAL(0),CAPTURE_NET(-956543104),FRONT(0),0.0,5.0,0.0,NORMAL(0),0.0,S(165454032),NONE(-94023312),NONE(0),0,0.0,STAMINA(-392388800),False,5.0,True,0.0,5.0,NONE(0),0.0,0.0,PRIO_8(7),ATTACK_FIRST(0),False,False,AUTO(-1072110528),BLOW(2),1.0,0.0,0.0,NONE(0),NULL,0.0,0.0,False,False,False,1.0,1.0,1.0,1.0,False,False,False,False,False,False,1,False,1,,False,False,True,True,False,10,True,True,0.3,0.3,False,True,,False,False,1.0,False,False,False,NONE(0),BLOW(8),,0.0,0.0,-1,0.0,0.0,0.0,NORMAL(0),False,00000000-0000-0000-0000-000000000000,False,NONE(7350),False,STOMP_01(542678976),False,【狂化多段】縦振りII,,【狂化多段】縦振りII,,1,,0,,,,ContinuousCapsule,"{'start': {'x': 0.05, 'y': 0.0, 'z': 0.5793138}, 'end': {'x': 0.05, 'y': 0.0, 'z': 1.6284885}, 'radius': 0.75}"
705,NORMAL(0),CAPTURE_NET(-956543104),UP(2),0.0,20.0,0.0,NORMAL(0),0.0,S(165454032),NONE(-94023312),NONE(0),0,0.0,STAMINA(-392388800),False,5.0,True,0.0,5.0,NONE(0),0.0,0.0,PRIO_8(7),ATTACK_FIRST(0),False,False,AUTO(-1072110528),BLOW(2),1.0,0.0,0.0,NONE(0),NULL,0.0,0.0,False,False,False,1.0,1.0,1.0,1.0,False,False,False,False,False,False,1,False,1,,False,False,True,True,False,10,True,True,0.3,0.3,False,True,,False,False,1.0,False,False,False,NONE(0),BLOW(8),,0.0,0.0,-1,0.0,0.0,0.0,SLIP(22),False,87cdb999-bc73-4a9c-b9b9-cbeb4d021d6f,False,NONE(7350),True,STOMP_02(-1421223296),False,【狂化多段】アッパー,,【狂化多段】アッパー,,1,,0,,,,ContinuousCapsule,"{'start': {'x': 0.05, 'y': 0.0, 'z': 0.5793138}, 'end': {'x': 0.05, 'y': 0.0, 'z': 1.6284885}, 'radius': 0.75}"
706,NORMAL(0),CAPTURE_NET(-956543104),FRONT(0),0.0,5.0,0.0,NORMAL(0),0.0,S(165454032),NONE(-94023312),NONE(0),0,0.0,STAMINA(-392388800),False,5.0,True,0.0,5.0,NONE(0),0.0,0.0,PRIO_8(7),ATTACK_FIRST(0),False,False,AUTO(-1072110528),BLOW(2),1.0,0.0,0.0,NONE(0),NULL,0.0,0.0,False,False,False,1.0,1.0,1.0,1.0,False,False,False,False,False,False,1,False,1,,False,False,True,True,False,10,True,True,0.3,0.3,False,True,,False,False,1.0,False,False,False,NONE(0),BLOW(8),,0.0,0.0,-1,0.0,0.0,0.0,NORMAL(0),False,99abca69-66dd-466b-afe8-67a1d9bc0703,False,NONE(7350),True,STOMP_00(511848320),False,【狂化多段】回転横振り,,【狂化多段】回転横振り,,1,,0,,,,ContinuousCapsule,"{'start': {'x': 0.05, 'y': 0.0, 'z': 0.5793138}, 'end': {'x': 0.05, 'y': 0.0, 'z': 1.6284885}, 'radius': 0.75}"
707,NORMAL(0),CAPTURE_NET(-956543104),RIGHT(5),0.0,10.0,0.0,NORMAL(0),0.0,S(165454032),NONE(-94023312),NONE(0),0,0.0,STAMINA(-392388800),False,5.0,True,0.0,5.0,NONE(0),0.0,0.0,PRIO_8(7),ATTACK_FIRST(0),False,False,AUTO(-1072110528),BLOW(2),1.0,0.0,0.0,NONE(0),NULL,0.0,0.0,False,False,False,1.0,1.0,1.0,1.0,False,False,False,False,False,False,1,False,1,,False,False,True,True,False,10,True,True,0.3,0.3,False,True,,False,False,1.0,False,False,False,NONE(0),BLOW(8),,0.0,0.0,-1,0.0,0.0,0.0,NORMAL(0),False,99abca69-66dd-466b-afe8-67a1d9bc0703,False,NONE(7350),True,STOMP_01(542678976),False,【狂化多段】回転返し振り,,【狂化多段】回転返し振り,,1,,0,,,,ContinuousCapsule,"{'start': {'x': 0.05, 'y': 0.0, 'z': 0.5793138}, 'end': {'x': 0.05, 'y': 0.0, 'z': 1.6284885}, 'radius': 0.75}"
708,NORMAL(0),CAPTURE_NET(-956543104),UP(2),0.0,20.0,0.0,NORMAL(0),0.0,S(165454032),NONE(-94023312),NONE(0),0,0.0,STAMINA(-392388800),False,5.0,True,0.0,5.0,NONE(0),0.0,0.0,PRIO_8(7),ATTACK_FIRST(0),False,False,AUTO(-1072110528),BLOW(2),1.0,0.0,0.0,NONE(0),NULL,0.0,0.0,False,False,False,1.0,1.0,1.0,1.0,False,False,False,False,False,False,1,False,1,,False,False,True,True,False,10,True,True,0.3,0.3,False,True,,False,False,1.0,False,False,False,NONE(0),BLOW(8),,0.0,0.0,-1,0.0,0.0,0.0,SLIP(22),False,87cdb999-bc73-4a9c-b9b9-cbeb4d021d6f,False,NONE(7350),True,STOMP_02(-1421223296),False,【狂化多段】回転強アッパー,,【狂化多段】回転強アッパー,,1,,0,,,,ContinuousCapsule,"{'start': {'x': 0.05, 'y': 0.0, 'z': 0.5793138}, 'end': {'x': 0.05, 'y': 0.0, 'z': 1.6284885}, 'radius': 0.75}"
709,NORMAL(0),CAPTURE_NET(-956543104),RIGHT(5),0.0,6.0,0.0,NORMAL(0),0.0,S(165454032),NONE(-94023312),NONE(0),0,0.0,STAMINA(-392388800),False,2.0,True,0.0,3.0,NONE(0),0.0,0.0,PRIO_8(7),ATTACK_FIRST(0),False,False,AUTO(-1072110528),BLOW(2),1.0,0.0,0.0,NONE(0),NULL,0.0,0.0,False,False,False,1.0,1.0,1.0,1.0,False,False,False,False,False,False,1,False,1,,False,False,True,True,False,10,True,True,0.3,0.3,False,True,,False,False,1.0,False,False,False,NONE(0),BLOW(8),,0.0,0.0,-1,0.0,0.0,0.0,NORMAL(0),False,99abca69-66dd-466b-afe8-67a1d9bc0703,False,NONE(7350),False,STOMP_02(-1421223296),False,【狂化多段】溜め返し振り,,【狂化多段】溜め返し振り,,1,,0,,,,ContinuousCapsule,"{'start': {'x': 0.05, 'y': 0.0, 'z': 0.5793138}, 'end': {'x': 0.05, 'y': 0.0, 'z': 1.6284885}, 'radius': 0.75}"
800,NORMAL(0),CAPTURE_NET(-956543104),FRONT(0),0.0,70.0,0.0,NORMAL(0),0.0,S(165454032),NONE(-94023312),NONE(0),0,0.0,STAMINA(-392388800),False,10.0,True,0.0,10.0,NONE(0),0.0,0.0,PRIO_8(7),ATTACK_FIRST(0),False,False,AUTO(-1072110528),BLOW(2),1.0,0.0,0.0,NONE(0),NULL,0.0,0.0,False,False,True,1.0,1.0,1.0,1.0,False,False,True,True,False,False,1,False,1,,False,False,False,False,False,10,True,True,1.0,1.0,False,False,,False,False,1.0,False,False,False,NONE(0),BLOW(8),,0.0,0.0,-1,0.0,0.0,0.0,NORMAL(0),False,99abca69-66dd-466b-afe8-67a1d9bc0703,True,NONE(7350),True,STOMP_00(511848320),False,,,,,14,,0,,,,ContinuousCapsule,"{'start': {'x': 0.049999844, 'y': 0.0, 'z': 1.4522192}, 'end': {'x': 0.05, 'y': 0.0, 'z': 2.0}, 'radius': 2.0}"
801,NORMAL(0),CAPTURE_NET(-956543104),FRONT(0),0.0,80.0,0.0,NORMAL(0),0.0,S(165454032),NONE(-94023312),NONE(0),0,0.0,STAMINA(-392388800),False,10.0,True,0.0,10.0,NONE(0),0.0,0.0,PRIO_8(7),ATTACK_FIRST(0),False,False,AUTO(-1072110528),BLOW(2),1.0,0.0,0.0,NONE(0),NULL,0.0,0.0,False,False,False,1.0,1.0,1.0,1.0,False,False,True,True,False,False,1,False,1,,False,False,False,False,False,10,True,True,1.0,1.0,False,False,,False,False,1.0,False,False,True,NONE(0),BLOW(8),,0.0,0.0,-1,0.0,0.0,0.0,NORMAL(0),False,99abca69-66dd-466b-afe8-67a1d9bc0703,True,NONE(7350),True,HIEN_01(30010),False,,,,,14,,0,,,,ContinuousCapsule,"{'start': {'x': 0.049999844, 'y': 0.0, 'z': 1.4522192}, 'end': {'x': 0.05, 'y': 0.0, 'z': 2.0}, 'radius': 2.0}"
63,NORMAL(0),CAPTURE_NET(-956543104),DOWN(3),0.0,43.0,0.0,NORMAL(0),0.0,S(165454032),NONE(-94023312),NONE(0),0,0.0,STAMINA(-392388800),False,5.0,True,0.0,5.0,NONE(0),0.0,0.0,PRIO_8(7),ATTACK_FIRST(0),False,False,AUTO(-1072110528),BLOW(2),1.0,0.0,0.0,NONE(0),NULL,0.0,0.0,False,False,False,1.0,1.0,1.0,1.0,False,False,False,False,False,False,1,False,1,,False,False,False,False,False,10,True,True,1.1,1.0,False,True,,False,False,1.0,False,False,False,NONE(0),BLOW(8),,0.0,0.0,-1,0.0,0.0,0.0,NORMAL(0),False,99abca69-66dd-466b-afe8-67a1d9bc0703,False,WP04_BOUNCE_ATTACK_1(25131),True,THRUST_01(26142),False,,,,|,10,,0,|,|,|,Sphere|Sphere,"{'x': 0.0, 'y': 0.0, 'z': 1.3448597, 'radius': 1.5}|{'x': -0.53477, 'y': 0.0, 'z': 1.3448597, 'radius': 1.5}"
64,NORMAL(0),CAPTURE_NET(-956543104),DOWN(3),0.0,48.0,0.0,NORMAL(0),0.0,S(165454032),NONE(-94023312),NONE(0),0,0.0,STAMINA(-392388800),False,5.0,True,0.0,5.0,NONE(0),0.0,0.0,PRIO_8(7),ATTACK_FIRST(0),False,False,AUTO(-1072110528),BLOW(2),1.0,0.0,0.0,NONE(0),NULL,0.0,0.0,False,False,False,1.0,1.0,1.0,1.0,False,False,False,False,False,False,1,False,1,,False,False,False,False,False,10,True,True,1.1,1.0,False,True,,False,False,1.0,False,False,False,NONE(0),BLOW(8),,0.0,0.0,-1,0.0,0.0,0.0,NORMAL(0),False,16804756-238a-4f14-90ef-5d963e96ed28,False,WP04_BOUNCE_ATTACK_2(12679),True,THRUST_01(26142),False,,,,|,10,,0,|,|,|,Sphere|Sphere,"{'x': 0.0, 'y': 0.0, 'z': 1.3448597, 'radius': 1.5}|{'x': -0.53477, 'y': 0.0, 'z': 1.3448597, 'radius': 1.5}"
65,NORMAL(0),CAPTURE_NET(-956543104),DOWN(3),0.0,70.0,0.0,NORMAL(0),0.0,S(165454032),NONE(-94023312),NONE(0),0,0.0,STAMINA(-392388800),False,10.0,True,0.0,10.0,NONE(0),0.0,0.0,PRIO_8(7),ATTACK_FIRST(0),False,False,AUTO(-1072110528),BLOW(2),1.0,0.0,0.0,NONE(0),NULL,0.0,0.0,False,False,False,1.0,1.0,1.0,1.0,False,False,False,False,False,False,1,False,1,,False,False,False,False,False,10,True,True,1.1,1.0,False,True,,False,False,1.0,False,False,False,NONE(0),BLOW(8),,0.0,0.0,-1,0.0,0.0,0.0,NORMAL(0),False,8479534d-2200-4d2c-b0d0-da689fa558fd,False,WP04_BOUNCE_ATTACK_3(14782),True,THRUST_02(17089),False,,,,|,10,,0,|,|,|,Sphere|Sphere,"{'x': 0.0, 'y': 0.0, 'z': 1.3448597, 'radius': 1.5}|{'x': -0.53477, 'y': 0.0, 'z': 1.3448597, 'radius': 1.5}"
66,NORMAL(0),CAPTURE_NET(-956543104),DOWN(3),0.0,90.0,0.0,NORMAL(0),0.0,S(165454032),NONE(-94023312),NONE(0),0,0.0,STAMINA(-392388800),False,10.0,True,0.0,10.0,NONE(0),0.0,0.0,PRIO_8(7),ATTACK_FIRST(0),False,False,AUTO(-1072110528),BLOW(2),1.0,0.0,0.0,NONE(0),NULL,0.0,0.0,False,False,False,1.0,1.0,1.0,1.0,False,False,False,False,False,False,1,False,1,,False,False,False,False,False,10,True,True,1.1,1.0,False,True,,False,False,1.0,False,False,False,NONE(0),BLOW(8),,0.0,0.0,-1,0.0,0.0,0.0,NORMAL(0),False,8479534d-2200-4d2c-b0d0-da689fa558fd,False,WP04_BOUNCE_ATTACK_4(30386),True,THRUST_03(15061),False,,,,|,10,,0,|,|,|,Sphere|Sphere,"{'x': 0.0, 'y': 0.0, 'z': 1.3448597, 'radius': 1.5}|{'x': -0.53477, 'y': 0.0, 'z': 1.3448597, 'radius': 1.5}"
67,NORMAL(0),CAPTURE_NET(-956543104),UP(2),0.0,70.0,0.0,NORMAL(0),0.0,S(165454032),NONE(-94023312),NONE(0),0,0.0,STAMINA(-392388800),False,10.0,True,0.0,45.0,NONE(0),0.0,0.0,PRIO_8(7),ATTACK_FIRST(0),False,False,AUTO(-1072110528),BLOW(2),1.0,100.0,0.0,NONE(0),NULL,0.0,0.0,True,False,False,1.0,1.0,1.0,1.0,False,False,False,False,False,False,1,False,1,,False,False,False,False,False,10,True,True,1.2,1.0,False,True,,False,False,1.0,False,False,False,NONE(0),PARRY(-974652928),,0.0,0.0,-1,0.0,0.0,0.0,SLIP(22),False,87cdb999-bc73-4a9c-b9b9-cbeb4d021d6f,False,NONE(7350),True,PARRY_02(-1304252288),False,,,,,13,,0,,,,Capsule,"{'start': {'x': 0.05000006, 'y': 0.0, 'z': 0.867}, 'end': {'x': 0.04999994, 'y': 0.0, 'z': 2.0}, 'radius': 1.0}"
68,NORMAL(0),CAPTURE_NET(-956543104),UP(2),0.0,130.0,0.0,NORMAL(0),0.0,S(165454032),NONE(-94023312),NONE(0),0,0.0,STAMINA(-392388800),False,10.0,True,0.0,40.0,NONE(0),0.0,0.0,PRIO_8(7),ATTACK_FIRST(0),False,False,AUTO(-1072110528),BLOW(2),1.2,100.0,0.0,NONE(0),NULL,0.0,0.0,False,False,False,1.0,1.0,1.0,1.0,False,False,False,False,False,False,1,False,1,,False,False,False,False,False,10,True,True,1.0,1.0,False,True,,False,False,1.0,False,False,False,NONE(0),PARRY(-974652928),,0.0,0.0,-1,0.0,0.0,0.0,SLIP(22),False,87cdb999-bc73-4a9c-b9b9-cbeb4d021d6f,False,NONE(7350),True,PARRY_02(-1304252288),False,,,,,13,,0,,,,Capsule,"{'start': {'x': 0.05000006, 'y': 0.0, 'z': 0.867}, 'end': {'x': 0.04999994, 'y': 0.0, 'z': 2.0}, 'radius': 1.0}"
,,,,,,,,,,,,,,,,,,,,,,,,,,,,,,,,,,,,,,,,,,,,,,,,,,,,,,,,,,,,,,,,,,,,,,,,,,,,,,,,,,,,,,,,,,,,,,,,,,,,
Wp04_PhysicalAttack,,,,,,,,,,,,,,,,,,,,,,,,,,,,,,,,,,,,,,,,,,,,,,,,,,,,,,,,,,,,,,,,,,,,,,,,,,,,,,,,,,,,,,,,,,,,,,,,,,,,
0,NONE(55),CAPTURE_NET(-956543104),FRONT(0),0.0,0.0,0.0,NORMAL(0),0.0,S(165454032),NONE(-94023312),NONE(0),0,0.0,NONE(1220034176),False,0.0,True,0.0,0.0,NONE(0),0.0,0.0,PRIO_8(7),ATTACK_FIRST(0),False,False,AUTO(-1072110528),NONE(0),1.0,0.0,0.0,NONE(0),NULL,0.0,0.0,False,False,False,1.0,1.0,1.0,1.0,False,False,False,False,False,False,1,False,1,,False,False,False,False,False,10,True,True,1.0,1.0,False,True,,False,False,1.0,False,False,False,NONE(0),NONE(10),,0.0,0.0,-1,0.0,0.0,0.0,NONE(55),True,00000000-0000-0000-0000-000000000000,False,NONE(7350),False,INVALID(-361180672),False,エイム攻撃範囲,,エイム攻撃範囲検知用,,0,,0,,root,,Box,"{'Coord': {'m00': 1.0, 'm01': 0.0, 'm02': -0.0, 'm03': 0.0, 'm10': -0.0, 'm11': 1.0, 'm12': 0.0, 'm13': 0.0, 'm20': 0.0, 'm21': 0.0, 'm22': 1.0, 'm23': 0.0, 'm30': 0.0, 'm31': 1.9, 'm32': 0.0, 'm33': 1.0}, 'Extent': {'x': 1.5, 'y': 1.9, 'z': 1.5}}"
