RSID,PriorityFixed,RSName,RSKName,colName,colShapeName,GroupIndex,GName,GLayerIndex,GShapeNames,GJointNames1,GJointNames2,GShapeTypes,GShapeParams,DamageTypeFixed,DamageTypeCustom,DamageAngleFixed,DamageAngleOffsetDeg,Attack,FixAttack,GuardType,VersusGuardPower,StageDamageTypeFixed,StageDamageExIDFixed,AttackAttrFixed,AttrLevel,AttrValue,AttackCond,IsForceCond,CondValue,IsUseCondDefaultSec,CondCustomSec,StunDamage,FlagBit,MultiHitTimer,HealValue,PriorityTypeFixed,DisableContactPointAdjust,IsContactPointAdjustIgnoreDamageAngle,PorterDodgeFixed,ActionTypeFixed,PartsBreakRate,ParryDamage,RideDamage,BattleRidingAttackType,RidingScarDamage,RidingSuccessDamage,RidingSuccessDamageRawScar,IsSkillHien,IsPointAttack,IsPrePointHitReaction,TearScarCreateRate,TearScarDamageRate,RawScarDamageRate,OldScarDamageRate,IsScarForceChange,IsRawScarForce,IsRawScarLimit,IsWeakPointLimit,NoDamageReaction,IsMultiHitEmParts,MultiHitEmPartsMaxNum,IsMultiHitEmWeak,MultiHitEmWeakMaxNum,MultiHitRateCurve,IsLaserGuardCounter,IsWpPhysicalAttack,IsNoUseKireaji,IsForceUseKireajiAttackRate,IsCustomKireajiReduce,CustomKireajiReduce,UseStatusAttackPower,UseStatusAttrPower,StatusAttrRate,StatusConditionRate,UseSkillAdditionalDamage,UseSkillContinuousAttack,MultiHitStatusRateCurve,IsNoCritical,IsCustomShockAbsorberRate,CustomShockAbsorberRate,IsGestureAttack,HitEffectTypeFixed,DisableHitEffect,HitEffectAngleZ,HitEffectAngleX,HitEffectOverwriteConnectID,GeneralValue1,GeneralValue2,GeneralValue3,FriendDamageTypeFixed,IsSensor,CameraShakeGuid,IsEnableMotSeqCameraShake,CaptureDamage,ShellReflectionFlag,SlingerCatchDamageType,SpecialType,Type
WpGunShell_Catch,,,,,,,,,,,,,,,,,,,,,,,,,,,,,,,,,,,,,,,,,,,,,,,,,,,,,,,,,,,,,,,,,,,,,,,,,,,,,,,,,,,,,,,,,,,,,,,,,,
0,PRIO_15(0),吸着弾コンスト部分,,吸着弾コンスト部分,,26,,0,,,,Sphere,"{'x': 0.0, 'y': 0.0, 'z': 0.0, 'radius': 1.3}",,,,,,,,,,,,,,,,,,,,,,,,,,,,,,,,,,,,,,,,,,,,,,,,,,,,,,,,,,,,,,,,,,,,,,,,,,,,,,,,,,,,,
1,PRIO_8(7),吸着弾斬裂爆発部分Lv1,,吸着弾斬裂爆発部分Lv1,,27,,0,,,,ContinuousSphere,"{'x': 0.0, 'y': 0.0, 'z': 0.0, 'radius': 1.0}",NORMAL(0),CAPTURE_NET(-956543104),FRONT(0),0.0,10.0,0.0,NORMAL(0),0.0,S(165454032),NONE(-94023312),NONE(0),0.0,0.0,NONE(1220034176),False,0.0,True,0.0,0.0,USE_MULIT_HIT(1),10.0,0.0,ATTACK_FIRST(0),False,False,AUTO(-1072110528),SLASH(1),1.0,0.0,0.0,NONE(0),NULL,0.0,0.0,False,False,False,1.0,1.0,1.0,1.0,False,False,False,False,False,False,1.0,False,1.0,,False,False,False,False,False,10.0,True,True,1.0,1.0,False,True,,False,False,1.0,False,NONE(10),,0.0,0.0,-1.0,0.0,0.0,0.0,GESTURE(7),False,c2f0ebe6-e539-431c-bb01-225e9ea1e8f2,False,0.0,,INVALID(-1),NORMAL(18341792),
2,PRIO_8(7),吸着弾斬裂爆発部分Lv2,,吸着弾斬裂爆発部分Lv2,,27,,0,,,,ContinuousSphere,"{'x': 0.0, 'y': 0.0, 'z': 0.0, 'radius': 1.0}",NORMAL(0),CAPTURE_NET(-956543104),FRONT(0),0.0,10.0,0.0,NORMAL(0),0.0,S(165454032),NONE(-94023312),NONE(0),0.0,0.0,NONE(1220034176),False,0.0,True,0.0,0.0,USE_MULIT_HIT(1),10.0,0.0,ATTACK_FIRST(0),False,False,AUTO(-1072110528),SLASH(1),1.0,0.0,0.0,NONE(0),NULL,0.0,0.0,False,False,False,1.0,1.0,1.0,1.0,False,False,False,False,False,False,1.0,False,1.0,,False,False,False,False,False,10.0,True,True,1.0,1.0,False,True,,False,False,1.0,False,NONE(10),,0.0,0.0,-1.0,0.0,0.0,0.0,GESTURE(7),False,c2f0ebe6-e539-431c-bb01-225e9ea1e8f2,False,0.0,,INVALID(-1),NORMAL(18341792),
3,PRIO_8(7),吸着弾斬裂爆発部分Lv3,,吸着弾斬裂爆発部分Lv3,,27,,0,,,,ContinuousSphere,"{'x': 0.0, 'y': 0.0, 'z': 0.0, 'radius': 1.0}",NORMAL(0),CAPTURE_NET(-956543104),FRONT(0),0.0,11.0,0.0,NORMAL(0),0.0,S(165454032),NONE(-94023312),NONE(0),0.0,0.0,NONE(1220034176),False,0.0,True,0.0,0.0,USE_MULIT_HIT(1),10.0,0.0,ATTACK_FIRST(0),False,False,AUTO(-1072110528),SLASH(1),1.0,0.0,0.0,NONE(0),NULL,0.0,0.0,False,False,False,1.0,1.0,1.0,1.0,False,False,False,False,False,False,1.0,False,1.0,,False,False,False,False,False,10.0,True,True,1.0,1.0,False,True,,False,False,1.0,False,NONE(10),,0.0,0.0,-1.0,0.0,0.0,0.0,GESTURE(7),False,c2f0ebe6-e539-431c-bb01-225e9ea1e8f2,False,0.0,,INVALID(-1),NORMAL(18341792),
5,PRIO_8(7),吸着弾ヒット爆発部分,,吸着弾ヒット爆発部分,,27,,0,,,,ContinuousSphere,"{'x': 0.0, 'y': 0.0, 'z': 0.0, 'radius': 1.0}",NORMAL(0),CAPTURE_NET(-956543104),FRONT(0),0.0,0.0,1.0,NORMAL(0),0.0,NONE(1444776192),NONE(-94023312),NONE(0),0.0,0.0,NONE(1220034176),False,0.0,True,0.0,0.0,NONE(0),0.0,0.0,ATTACK_FIRST(0),False,False,AUTO(-1072110528),SLASH(1),1.0,0.0,0.0,NONE(0),NULL,0.0,0.0,False,False,False,1.0,1.0,1.0,1.0,False,False,False,False,False,False,1.0,False,1.0,,False,False,False,False,False,10.0,True,True,1.0,1.0,False,True,,True,False,1.0,False,NONE(10),,0.0,0.0,-1.0,0.0,0.0,0.0,GESTURE(7),False,604c9c34-a671-4034-b57e-9adf11300f02,False,0.0,,INVALID(-1),NORMAL(18341792),
4,PRIO_8(7),吸着弾爆発部分,,吸着弾爆発部分,,27,,0,,,,ContinuousSphere,"{'x': 0.0, 'y': 0.0, 'z': 0.0, 'radius': 1.0}",NORMAL(0),CAPTURE_NET(-956543104),FRONT(0),0.0,40.0,0.0,NORMAL(0),0.0,S(165454032),NONE(-94023312),NONE(0),0.0,0.0,NONE(1220034176),False,0.0,True,0.0,0.0,NONE(0),0.0,0.0,ATTACK_FIRST(0),False,False,AUTO(-1072110528),NONE(0),1.0,0.0,0.0,NONE(0),NULL,0.0,0.0,False,False,False,1.0,1.0,1.0,1.0,False,False,False,False,False,False,1.0,False,1.0,,False,False,True,False,False,10.0,True,True,1.0,1.0,False,True,,True,False,1.0,False,NONE(10),,0.0,0.0,-1.0,0.0,0.0,0.0,NORMAL(0),False,c56ee4bf-6d4a-40bb-b95a-d581aac55bb1,False,0.0,,INVALID(-1),NORMAL(18341792),
,,,,,,,,,,,,,,,,,,,,,,,,,,,,,,,,,,,,,,,,,,,,,,,,,,,,,,,,,,,,,,,,,,,,,,,,,,,,,,,,,,,,,,,,,,,,,,,,,,
WpGunShell_Condition,,,,,,,,,,,,,,,,,,,,,,,,,,,,,,,,,,,,,,,,,,,,,,,,,,,,,,,,,,,,,,,,,,,,,,,,,,,,,,,,,,,,,,,,,,,,,,,,,,
0,PRIO_8(7),毒弾,,毒弾,,0,,0,Sphere,,,ContinuousSphere,"{'x': 0.0, 'y': 0.0, 'z': 0.0, 'radius': 0.2}",NORMAL(0),CAPTURE_NET(-956543104),FRONT(0),0.0,1.0,0.0,NORMAL(0),0.0,S(165454032),NONE(-94023312),NONE(0),0,0.0,POISON(1990626048),False,40.0,True,0.0,0.0,IGNORE_PARTS_PRIORITY(2),0.0,0.0,ATTACK_FIRST(0),False,False,AUTO(-1072110528),SHOT(3),1.0,0.0,0.0,NONE(0),NULL,0.0,0.0,False,False,False,1.0,1.0,1.0,1.0,False,False,False,False,False,False,1,False,1,,False,False,False,False,False,10,True,False,1.0,1.0,False,True,,False,False,1.0,False,SHOT(19),PHYSICAL(0),0.0,0.0,-1,0.0,0.0,0.0,GESTURE(7),False,604c9c34-a671-4034-b57e-9adf11300f02,False,0.0,ENABLED_REFLECTION(0),INVALID(-1),NORMAL(18341792),
1,PRIO_8(7),麻痺弾,,麻痺弾,,0,,0,Sphere,,,ContinuousSphere,"{'x': 0.0, 'y': 0.0, 'z': 0.0, 'radius': 0.2}",NORMAL(0),CAPTURE_NET(-956543104),FRONT(0),0.0,1.0,0.0,NORMAL(0),0.0,S(165454032),NONE(-94023312),NONE(0),0,0.0,PARALYSE(-1247186944),False,40.0,True,0.0,0.0,IGNORE_PARTS_PRIORITY(2),0.0,0.0,ATTACK_FIRST(0),False,False,AUTO(-1072110528),SHOT(3),1.0,0.0,0.0,NONE(0),NULL,0.0,0.0,False,False,False,1.0,1.0,1.0,1.0,False,False,False,False,False,False,1,False,1,,False,False,False,False,False,10,True,False,1.0,1.0,False,True,,False,False,1.0,False,SHOT(19),PHYSICAL(0),0.0,0.0,-1,0.0,0.0,0.0,GESTURE(7),False,604c9c34-a671-4034-b57e-9adf11300f02,False,0.0,ENABLED_REFLECTION(0),INVALID(-1),NORMAL(18341792),
2,PRIO_8(7),睡眠弾,,睡眠弾,,0,,0,Sphere,,,ContinuousSphere,"{'x': 0.0, 'y': 0.0, 'z': 0.0, 'radius': 0.2}",NORMAL(0),CAPTURE_NET(-956543104),FRONT(0),0.0,1.0,0.0,NORMAL(0),0.0,S(165454032),NONE(-94023312),NONE(0),0,0.0,SLEEP(1974656256),False,40.0,True,0.0,0.0,IGNORE_PARTS_PRIORITY(2),0.0,0.0,ATTACK_FIRST(0),False,False,AUTO(-1072110528),NONE(0),1.0,0.0,0.0,NONE(0),NULL,0.0,0.0,False,False,False,1.0,1.0,1.0,1.0,False,False,False,False,False,False,1,False,1,,False,False,False,False,False,10,True,False,1.0,1.0,False,True,,False,False,1.0,False,SHOT(19),PHYSICAL(0),0.0,0.0,-1,0.0,0.0,0.0,GESTURE(7),False,604c9c34-a671-4034-b57e-9adf11300f02,False,0.0,ENABLED_REFLECTION(0),INVALID(-1),NORMAL(18341792),
3,PRIO_8(7),捕獲用麻酔弾,,捕獲用麻酔弾,,0,,0,Sphere,,,ContinuousSphere,"{'x': 0.0, 'y': 0.0, 'z': 0.0, 'radius': 0.2}",NONE(55),CAPTURE_NET(-956543104),BACK(1),0.0,0.0,0.0,NORMAL(0),0.0,S(165454032),NONE(-94023312),NONE(0),0,0.0,NONE(1220034176),False,0.0,True,0.0,0.0,IGNORE_PARTS_PRIORITY(2),0.0,0.0,ATTACK_FIRST(0),False,False,AUTO(-1072110528),NONE(0),1.0,0.0,0.0,NONE(0),NULL,0.0,0.0,False,False,False,1.0,1.0,1.0,1.0,False,False,False,False,False,False,1,False,1,,False,False,False,False,False,10,True,True,1.0,1.0,False,True,,True,False,1.0,False,NONE(10),,0.0,0.0,-1,0.0,0.0,0.0,NONE(55),False,604c9c34-a671-4034-b57e-9adf11300f02,False,100.0,,INVALID(-1),NORMAL(18341792),
4,PRIO_8(7),減気弾,,減気弾,,0,,0,Sphere,,,ContinuousSphere,"{'x': 0.0, 'y': 0.0, 'z': 0.0, 'radius': 0.2}",NORMAL(0),CAPTURE_NET(-956543104),FRONT(0),0.0,1.0,0.0,NORMAL(0),0.0,S(165454032),NONE(-94023312),NONE(0),0,0.0,STAMINA(-392388800),False,50.0,True,0.0,20.0,IGNORE_PARTS_PRIORITY(2),0.0,0.0,ATTACK_FIRST(0),False,False,AUTO(-1072110528),BLOW(2),1.0,0.0,0.0,NONE(0),NULL,0.0,0.0,False,False,False,1.0,1.0,1.0,1.0,False,False,False,False,False,False,1,False,1,,False,False,False,False,False,10,True,True,1.0,1.0,False,True,,True,False,1.0,False,BLOW(8),PHYSICAL(0)|ELEMENT(1),0.0,0.0,-1,0.0,0.0,0.0,GESTURE(7),False,604c9c34-a671-4034-b57e-9adf11300f02,False,0.0,ENABLED_REFLECTION(0),INVALID(-1),NORMAL(18341792),
,,,,,,,,,,,,,,,,,,,,,,,,,,,,,,,,,,,,,,,,,,,,,,,,,,,,,,,,,,,,,,,,,,,,,,,,,,,,,,,,,,,,,,,,,,,,,,,,,,
WpGunShell_ConstBullet,,,,,,,,,,,,,,,,,,,,,,,,,,,,,,,,,,,,,,,,,,,,,,,,,,,,,,,,,,,,,,,,,,,,,,,,,,,,,,,,,,,,,,,,,,,,,,,,,,
0,PRIO_8(7),コンスト弾,,コンスト弾,,0,,0,Sphere,,,ContinuousSphere,"{'x': 0.0, 'y': 0.0, 'z': 0.0, 'radius': 0.2}",NORMAL(0),CAPTURE_NET(-956543104),FRONT(0),0.0,1.0,0.0,NORMAL(0),0.0,S(165454032),NONE(-94023312),NONE(0),0,0.0,NONE(1220034176),False,0.0,True,0.0,0.0,IGNORE_PARTS_PRIORITY(2),0.0,0.0,ATTACK_FIRST(0),False,False,AUTO(-1072110528),SHOT(3),1.0,0.0,0.0,NONE(0),NULL,0.0,0.0,False,False,False,1.0,1.0,1.0,1.0,False,False,False,False,False,False,1,False,1,,False,False,False,False,False,10,True,False,1.0,1.0,False,True,,True,False,1.0,False,SHOT(19),KAN_TO_THROUGH(6),0.0,0.0,-1,0.0,0.0,0.0,GESTURE(7),False,604c9c34-a671-4034-b57e-9adf11300f02,False,0.0,,INVALID(-1),NORMAL(18341792),
1,PRIO_8(7),徹甲榴弾爆発,,徹甲榴弾爆発,,8,,0,,,,Sphere,"{'x': 0.0, 'y': 0.0, 'z': 0.0, 'radius': 1.0}",NORMAL(0),CAPTURE_NET(-956543104),FRONT(0),0.0,25.0,0.0,NORMAL(0),0.0,S(165454032),NONE(-94023312),FIRE(1),0,5.0,NONE(1220034176),False,0.0,True,0.0,30.0,NONE(0),0.0,0.0,ATTACK_FIRST(0),False,False,AUTO(-1072110528),NONE(0),1.0,0.0,0.0,NONE(0),NULL,0.0,0.0,False,False,False,1.0,1.0,1.0,1.0,False,False,False,False,False,False,1,False,1,,False,False,False,False,False,10,True,False,1.0,1.0,False,True,,True,False,1.0,False,EXPLOSION(5),,0.0,0.0,-1,0.0,0.0,0.0,NORMAL(0),False,c56ee4bf-6d4a-40bb-b95a-d581aac55bb1,False,0.0,,INVALID(-1),NORMAL(18341792),
2,PRIO_8(7),斬裂弾爆発,,斬裂弾爆発,,9,,0,,,,Sphere,"{'x': 0.0, 'y': 0.0, 'z': 0.0, 'radius': 0.5}",NORMAL(0),CAPTURE_NET(-956543104),FRONT(0),0.0,33.0,0.0,NORMAL(0),0.0,S(165454032),NONE(-94023312),NONE(0),0,0.0,NONE(1220034176),False,0.0,True,0.0,0.0,USE_MULIT_HIT(1),11.0,0.0,ATTACK_FIRST(0),False,False,AUTO(-1072110528),SLASH(1),1.1,0.0,0.0,NONE(0),NULL,0.0,0.0,False,False,False,1.0,1.0,1.0,1.0,False,False,False,False,False,False,1,False,1,,False,False,False,False,False,10,True,False,1.0,1.0,False,True,,False,False,1.0,False,NONE(10),,0.0,0.0,-1,0.0,0.0,0.0,GESTURE(7),False,c2f0ebe6-e539-431c-bb01-225e9ea1e8f2,False,0.0,,INVALID(-1),NORMAL(18341792),
,,,,,,,,,,,,,,,,,,,,,,,,,,,,,,,,,,,,,,,,,,,,,,,,,,,,,,,,,,,,,,,,,,,,,,,,,,,,,,,,,,,,,,,,,,,,,,,,,,
WpGunShell_ElementDragon,,,,,,,,,,,,,,,,,,,,,,,,,,,,,,,,,,,,,,,,,,,,,,,,,,,,,,,,,,,,,,,,,,,,,,,,,,,,,,,,,,,,,,,,,,,,,,,,,,
0,PRIO_8(7),滅龍弾,,滅龍弾,,0,,0,Sphere,,,ContinuousSphere,"{'x': 0.0, 'y': 0.0, 'z': 0.0, 'radius': 0.2}",NORMAL(0),CAPTURE_NET(-956543104),FRONT(0),0.0,20.0,0.0,NORMAL(0),0.0,S(165454032),NONE(-94023312),DRAGON(5),0,44.0,NONE(1220034176),False,0.0,True,0.0,0.0,UnknEnumVal(3),4.0,0.0,ATTACK_FIRST(0),False,False,AUTO(-1072110528),SHOT(3),1.0,0.0,0.0,NONE(0),NULL,0.0,0.0,False,False,False,1.0,1.0,1.0,1.0,False,False,False,False,False,False,1,False,1,"{'WpGunElement_MultiHitCurve.user.3': [np.float64(1.0), np.float64(1.0), np.float64(0.8999999999999999), np.float64(0.8), np.float64(0.7), np.float64(0.7), np.float64(0.7), np.float64(0.7), np.float64(0.7), np.float64(0.7), np.float64(0.7), np.float64(0.7), np.float64(0.7), np.float64(0.7), np.float64(0.7), np.float64(0.7), np.float64(0.7), np.float64(0.7), np.float64(0.7), np.float64(0.7), np.float64(0.7), np.float64(0.7), np.float64(0.7), np.float64(0.7), np.float64(0.7), np.float64(0.7), np.float64(0.7), np.float64(0.7), np.float64(0.7), np.float64(0.7), np.float64(0.7)]}",False,False,False,False,False,10,True,False,1.0,1.0,True,True,,False,False,1.0,False,SHOT(19),PHYSICAL(0),0.0,0.0,-1,0.0,0.0,0.0,GESTURE(7),False,36185d94-feb4-415f-950d-5c47dd2e4ff9,False,0.0,ENABLED_REFLECTION(0),INVALID(-1),NORMAL(18341792),
1,PRIO_8(7),滅龍弾サブ0,,滅龍弾,,30,,0,,,,Capsule,"{'start': {'x': 0.0, 'y': 0.0, 'z': 0.0}, 'end': {'x': 0.0, 'y': 0.0, 'z': 0.0}, 'radius': 0.2}",NORMAL(0),CAPTURE_NET(-956543104),FRONT(0),0.0,20.0,0.0,NORMAL(0),0.0,S(165454032),NONE(-94023312),DRAGON(5),0,44.0,NONE(1220034176),False,0.0,True,0.0,0.0,UnknEnumVal(3),4.0,0.0,ATTACK_FIRST(0),False,False,AUTO(-1072110528),SHOT(3),1.0,0.0,0.0,NONE(0),NULL,0.0,0.0,False,False,False,1.0,1.0,1.0,1.0,False,False,False,False,False,False,1,False,1,"{'WpGunElement_MultiHitCurve.user.3': [np.float64(1.0), np.float64(1.0), np.float64(0.8999999999999999), np.float64(0.8), np.float64(0.7), np.float64(0.7), np.float64(0.7), np.float64(0.7), np.float64(0.7), np.float64(0.7), np.float64(0.7), np.float64(0.7), np.float64(0.7), np.float64(0.7), np.float64(0.7), np.float64(0.7), np.float64(0.7), np.float64(0.7), np.float64(0.7), np.float64(0.7), np.float64(0.7), np.float64(0.7), np.float64(0.7), np.float64(0.7), np.float64(0.7), np.float64(0.7), np.float64(0.7), np.float64(0.7), np.float64(0.7), np.float64(0.7), np.float64(0.7)]}",False,False,False,False,False,10,True,False,1.0,1.0,True,True,,False,False,1.0,False,SHOT(19),PHYSICAL(0),0.0,0.0,-1,0.0,0.0,0.0,GESTURE(7),False,36185d94-feb4-415f-950d-5c47dd2e4ff9,False,0.0,ENABLED_REFLECTION(0),INVALID(-1),NORMAL(18341792),
2,PRIO_8(7),滅龍弾サブ1,,滅龍弾,,30,,0,,,,Capsule,"{'start': {'x': 0.0, 'y': 0.0, 'z': 0.0}, 'end': {'x': 0.0, 'y': 0.0, 'z': 0.0}, 'radius': 0.2}",NORMAL(0),CAPTURE_NET(-956543104),FRONT(0),0.0,20.0,0.0,NORMAL(0),0.0,S(165454032),NONE(-94023312),DRAGON(5),0,44.0,NONE(1220034176),False,0.0,True,0.0,0.0,UnknEnumVal(3),4.0,0.0,ATTACK_FIRST(0),False,False,AUTO(-1072110528),SHOT(3),1.0,0.0,0.0,NONE(0),NULL,0.0,0.0,False,False,False,1.0,1.0,1.0,1.0,False,False,False,False,False,False,1,False,1,"{'WpGunElement_MultiHitCurve.user.3': [np.float64(1.0), np.float64(1.0), np.float64(0.8999999999999999), np.float64(0.8), np.float64(0.7), np.float64(0.7), np.float64(0.7), np.float64(0.7), np.float64(0.7), np.float64(0.7), np.float64(0.7), np.float64(0.7), np.float64(0.7), np.float64(0.7), np.float64(0.7), np.float64(0.7), np.float64(0.7), np.float64(0.7), np.float64(0.7), np.float64(0.7), np.float64(0.7), np.float64(0.7), np.float64(0.7), np.float64(0.7), np.float64(0.7), np.float64(0.7), np.float64(0.7), np.float64(0.7), np.float64(0.7), np.float64(0.7), np.float64(0.7)]}",False,False,False,False,False,10,True,False,1.0,1.0,True,True,,False,False,1.0,False,SHOT(19),PHYSICAL(0),0.0,0.0,-1,0.0,0.0,0.0,GESTURE(7),False,36185d94-feb4-415f-950d-5c47dd2e4ff9,False,0.0,ENABLED_REFLECTION(0),INVALID(-1),NORMAL(18341792),
,,,,,,,,,,,,,,,,,,,,,,,,,,,,,,,,,,,,,,,,,,,,,,,,,,,,,,,,,,,,,,,,,,,,,,,,,,,,,,,,,,,,,,,,,,,,,,,,,,
WpGunShell_ElementElec,,,,,,,,,,,,,,,,,,,,,,,,,,,,,,,,,,,,,,,,,,,,,,,,,,,,,,,,,,,,,,,,,,,,,,,,,,,,,,,,,,,,,,,,,,,,,,,,,,
0,PRIO_8(7),電撃弾,,電撃弾,,0,,0,Sphere,,,ContinuousSphere,"{'x': 0.0, 'y': 0.0, 'z': 0.0, 'radius': 0.2}",NORMAL(0),CAPTURE_NET(-956543104),FRONT(0),0.0,8.0,0.0,NORMAL(0),0.0,S(165454032),NONE(-94023312),ELEC(3),0,20.0,NONE(1220034176),False,0.0,True,0.0,0.0,UnknEnumVal(3),1.7,0.0,ATTACK_FIRST(0),False,False,AUTO(-1072110528),SHOT(3),1.0,0.0,0.0,NONE(0),NULL,0.0,0.0,False,False,False,1.0,1.0,1.0,1.0,False,False,False,False,False,False,1,False,1,"{'WpGunElement_MultiHitCurve.user.3': [np.float64(1.0), np.float64(1.0), np.float64(0.8999999999999999), np.float64(0.8), np.float64(0.7), np.float64(0.7), np.float64(0.7), np.float64(0.7), np.float64(0.7), np.float64(0.7), np.float64(0.7), np.float64(0.7), np.float64(0.7), np.float64(0.7), np.float64(0.7), np.float64(0.7), np.float64(0.7), np.float64(0.7), np.float64(0.7), np.float64(0.7), np.float64(0.7), np.float64(0.7), np.float64(0.7), np.float64(0.7), np.float64(0.7), np.float64(0.7), np.float64(0.7), np.float64(0.7), np.float64(0.7), np.float64(0.7), np.float64(0.7)]}",False,False,False,False,False,10,True,False,1.0,1.0,True,True,,False,False,1.0,False,SHOT(19),PHYSICAL(0),0.0,0.0,-1,0.0,0.0,0.0,GESTURE(7),False,36185d94-feb4-415f-950d-5c47dd2e4ff9,False,0.0,ENABLED_REFLECTION(0),INVALID(-1),NORMAL(18341792),
1,PRIO_8(7),電撃弾サブ0,,電撃弾,,30,,0,,,,Capsule,"{'start': {'x': 0.0, 'y': 0.0, 'z': 0.0}, 'end': {'x': 0.0, 'y': 0.0, 'z': 0.0}, 'radius': 0.2}",NORMAL(0),CAPTURE_NET(-956543104),FRONT(0),0.0,8.0,0.0,NORMAL(0),0.0,S(165454032),NONE(-94023312),ELEC(3),0,20.0,NONE(1220034176),False,0.0,True,0.0,0.0,UnknEnumVal(3),1.7,0.0,ATTACK_FIRST(0),False,False,AUTO(-1072110528),SHOT(3),1.0,0.0,0.0,NONE(0),NULL,0.0,0.0,False,False,False,1.0,1.0,1.0,1.0,False,False,False,False,False,False,1,False,1,"{'WpGunElement_MultiHitCurve.user.3': [np.float64(1.0), np.float64(1.0), np.float64(0.8999999999999999), np.float64(0.8), np.float64(0.7), np.float64(0.7), np.float64(0.7), np.float64(0.7), np.float64(0.7), np.float64(0.7), np.float64(0.7), np.float64(0.7), np.float64(0.7), np.float64(0.7), np.float64(0.7), np.float64(0.7), np.float64(0.7), np.float64(0.7), np.float64(0.7), np.float64(0.7), np.float64(0.7), np.float64(0.7), np.float64(0.7), np.float64(0.7), np.float64(0.7), np.float64(0.7), np.float64(0.7), np.float64(0.7), np.float64(0.7), np.float64(0.7), np.float64(0.7)]}",False,False,False,False,False,10,True,False,1.0,1.0,True,True,,False,False,1.0,False,SHOT(19),PHYSICAL(0),0.0,0.0,-1,0.0,0.0,0.0,GESTURE(7),False,36185d94-feb4-415f-950d-5c47dd2e4ff9,False,0.0,ENABLED_REFLECTION(0),INVALID(-1),NORMAL(18341792),
2,PRIO_8(7),電撃弾サブ1,,電撃弾,,30,,0,,,,Capsule,"{'start': {'x': 0.0, 'y': 0.0, 'z': 0.0}, 'end': {'x': 0.0, 'y': 0.0, 'z': 0.0}, 'radius': 0.2}",NORMAL(0),CAPTURE_NET(-956543104),FRONT(0),0.0,8.0,0.0,NORMAL(0),0.0,S(165454032),NONE(-94023312),ELEC(3),0,20.0,NONE(1220034176),False,0.0,True,0.0,0.0,UnknEnumVal(3),1.7,0.0,ATTACK_FIRST(0),False,False,AUTO(-1072110528),SHOT(3),1.0,0.0,0.0,NONE(0),NULL,0.0,0.0,False,False,False,1.0,1.0,1.0,1.0,False,False,False,False,False,False,1,False,1,"{'WpGunElement_MultiHitCurve.user.3': [np.float64(1.0), np.float64(1.0), np.float64(0.8999999999999999), np.float64(0.8), np.float64(0.7), np.float64(0.7), np.float64(0.7), np.float64(0.7), np.float64(0.7), np.float64(0.7), np.float64(0.7), np.float64(0.7), np.float64(0.7), np.float64(0.7), np.float64(0.7), np.float64(0.7), np.float64(0.7), np.float64(0.7), np.float64(0.7), np.float64(0.7), np.float64(0.7), np.float64(0.7), np.float64(0.7), np.float64(0.7), np.float64(0.7), np.float64(0.7), np.float64(0.7), np.float64(0.7), np.float64(0.7), np.float64(0.7), np.float64(0.7)]}",False,False,False,False,False,10,True,False,1.0,1.0,True,True,,False,False,1.0,False,SHOT(19),PHYSICAL(0),0.0,0.0,-1,0.0,0.0,0.0,GESTURE(7),False,36185d94-feb4-415f-950d-5c47dd2e4ff9,False,0.0,ENABLED_REFLECTION(0),INVALID(-1),NORMAL(18341792),
3,PRIO_8(7),電撃弾サブ2,,電撃弾,,30,,0,,,,Capsule,"{'start': {'x': 0.0, 'y': 0.0, 'z': 0.0}, 'end': {'x': 0.0, 'y': 0.0, 'z': 0.0}, 'radius': 0.2}",NORMAL(0),CAPTURE_NET(-956543104),FRONT(0),0.0,8.0,0.0,NORMAL(0),0.0,S(165454032),NONE(-94023312),ELEC(3),0,20.0,NONE(1220034176),False,0.0,True,0.0,0.0,UnknEnumVal(3),1.7,0.0,ATTACK_FIRST(0),False,False,AUTO(-1072110528),SHOT(3),1.0,0.0,0.0,NONE(0),NULL,0.0,0.0,False,False,False,1.0,1.0,1.0,1.0,False,False,False,False,False,False,1,False,1,"{'WpGunElement_MultiHitCurve.user.3': [np.float64(1.0), np.float64(1.0), np.float64(0.8999999999999999), np.float64(0.8), np.float64(0.7), np.float64(0.7), np.float64(0.7), np.float64(0.7), np.float64(0.7), np.float64(0.7), np.float64(0.7), np.float64(0.7), np.float64(0.7), np.float64(0.7), np.float64(0.7), np.float64(0.7), np.float64(0.7), np.float64(0.7), np.float64(0.7), np.float64(0.7), np.float64(0.7), np.float64(0.7), np.float64(0.7), np.float64(0.7), np.float64(0.7), np.float64(0.7), np.float64(0.7), np.float64(0.7), np.float64(0.7), np.float64(0.7), np.float64(0.7)]}",False,False,False,False,False,10,True,False,1.0,1.0,True,True,,False,False,1.0,False,SHOT(19),PHYSICAL(0),0.0,0.0,-1,0.0,0.0,0.0,GESTURE(7),False,36185d94-feb4-415f-950d-5c47dd2e4ff9,False,0.0,ENABLED_REFLECTION(0),INVALID(-1),NORMAL(18341792),
,,,,,,,,,,,,,,,,,,,,,,,,,,,,,,,,,,,,,,,,,,,,,,,,,,,,,,,,,,,,,,,,,,,,,,,,,,,,,,,,,,,,,,,,,,,,,,,,,,
WpGunShell_ElementIce,,,,,,,,,,,,,,,,,,,,,,,,,,,,,,,,,,,,,,,,,,,,,,,,,,,,,,,,,,,,,,,,,,,,,,,,,,,,,,,,,,,,,,,,,,,,,,,,,,
0,PRIO_8(7),氷結弾,,氷結弾,,0,,0,Sphere,,,ContinuousSphere,"{'x': 0.0, 'y': 0.0, 'z': 0.0, 'radius': 0.2}",NORMAL(0),CAPTURE_NET(-956543104),FRONT(0),0.0,8.0,0.0,NORMAL(0),0.0,S(165454032),NONE(-94023312),ICE(4),0,20.0,NONE(1220034176),False,0.0,True,0.0,0.0,UnknEnumVal(3),1.7,0.0,ATTACK_FIRST(0),False,False,AUTO(-1072110528),SHOT(3),1.0,0.0,0.0,NONE(0),NULL,0.0,0.0,False,False,False,1.0,1.0,1.0,1.0,False,False,False,False,False,False,1,False,1,"{'WpGunElement_MultiHitCurve.user.3': [np.float64(1.0), np.float64(1.0), np.float64(0.8999999999999999), np.float64(0.8), np.float64(0.7), np.float64(0.7), np.float64(0.7), np.float64(0.7), np.float64(0.7), np.float64(0.7), np.float64(0.7), np.float64(0.7), np.float64(0.7), np.float64(0.7), np.float64(0.7), np.float64(0.7), np.float64(0.7), np.float64(0.7), np.float64(0.7), np.float64(0.7), np.float64(0.7), np.float64(0.7), np.float64(0.7), np.float64(0.7), np.float64(0.7), np.float64(0.7), np.float64(0.7), np.float64(0.7), np.float64(0.7), np.float64(0.7), np.float64(0.7)]}",False,False,False,False,False,10,True,False,1.0,1.0,True,True,,False,False,1.0,False,SHOT(19),PHYSICAL(0),0.0,0.0,-1,0.0,0.0,0.0,GESTURE(7),False,36185d94-feb4-415f-950d-5c47dd2e4ff9,False,0.0,ENABLED_REFLECTION(0),INVALID(-1),NORMAL(18341792),
1,PRIO_8(7),氷結弾サブ0,,氷結弾,,30,,0,,,,Capsule,"{'start': {'x': 0.0, 'y': 0.0, 'z': 0.0}, 'end': {'x': 0.0, 'y': 0.0, 'z': 0.0}, 'radius': 0.2}",NORMAL(0),CAPTURE_NET(-956543104),FRONT(0),0.0,8.0,0.0,NORMAL(0),0.0,S(165454032),NONE(-94023312),ICE(4),0,20.0,NONE(1220034176),False,0.0,True,0.0,0.0,UnknEnumVal(3),1.7,0.0,ATTACK_FIRST(0),False,False,AUTO(-1072110528),SHOT(3),1.0,0.0,0.0,NONE(0),NULL,0.0,0.0,False,False,False,1.0,1.0,1.0,1.0,False,False,False,False,False,False,1,False,1,"{'WpGunElement_MultiHitCurve.user.3': [np.float64(1.0), np.float64(1.0), np.float64(0.8999999999999999), np.float64(0.8), np.float64(0.7), np.float64(0.7), np.float64(0.7), np.float64(0.7), np.float64(0.7), np.float64(0.7), np.float64(0.7), np.float64(0.7), np.float64(0.7), np.float64(0.7), np.float64(0.7), np.float64(0.7), np.float64(0.7), np.float64(0.7), np.float64(0.7), np.float64(0.7), np.float64(0.7), np.float64(0.7), np.float64(0.7), np.float64(0.7), np.float64(0.7), np.float64(0.7), np.float64(0.7), np.float64(0.7), np.float64(0.7), np.float64(0.7), np.float64(0.7)]}",False,False,False,False,False,10,True,False,1.0,1.0,True,True,,False,False,1.0,False,SHOT(19),PHYSICAL(0),0.0,0.0,-1,0.0,0.0,0.0,GESTURE(7),False,36185d94-feb4-415f-950d-5c47dd2e4ff9,False,0.0,ENABLED_REFLECTION(0),INVALID(-1),NORMAL(18341792),
2,PRIO_8(7),氷結弾サブ1,,氷結弾,,30,,0,,,,Capsule,"{'start': {'x': 0.0, 'y': 0.0, 'z': 0.0}, 'end': {'x': 0.0, 'y': 0.0, 'z': 0.0}, 'radius': 0.2}",NORMAL(0),CAPTURE_NET(-956543104),FRONT(0),0.0,8.0,0.0,NORMAL(0),0.0,S(165454032),NONE(-94023312),ICE(4),0,20.0,NONE(1220034176),False,0.0,True,0.0,0.0,UnknEnumVal(3),1.7,0.0,ATTACK_FIRST(0),False,False,AUTO(-1072110528),SHOT(3),1.0,0.0,0.0,NONE(0),NULL,0.0,0.0,False,False,False,1.0,1.0,1.0,1.0,False,False,False,False,False,False,1,False,1,"{'WpGunElement_MultiHitCurve.user.3': [np.float64(1.0), np.float64(1.0), np.float64(0.8999999999999999), np.float64(0.8), np.float64(0.7), np.float64(0.7), np.float64(0.7), np.float64(0.7), np.float64(0.7), np.float64(0.7), np.float64(0.7), np.float64(0.7), np.float64(0.7), np.float64(0.7), np.float64(0.7), np.float64(0.7), np.float64(0.7), np.float64(0.7), np.float64(0.7), np.float64(0.7), np.float64(0.7), np.float64(0.7), np.float64(0.7), np.float64(0.7), np.float64(0.7), np.float64(0.7), np.float64(0.7), np.float64(0.7), np.float64(0.7), np.float64(0.7), np.float64(0.7)]}",False,False,False,False,False,10,True,False,1.0,1.0,True,True,,False,False,1.0,False,SHOT(19),PHYSICAL(0),0.0,0.0,-1,0.0,0.0,0.0,GESTURE(7),False,36185d94-feb4-415f-950d-5c47dd2e4ff9,False,0.0,ENABLED_REFLECTION(0),INVALID(-1),NORMAL(18341792),
3,PRIO_8(7),氷結弾サブ2,,氷結弾,,30,,0,,,,Capsule,"{'start': {'x': 0.0, 'y': 0.0, 'z': 0.0}, 'end': {'x': 0.0, 'y': 0.0, 'z': 0.0}, 'radius': 0.2}",NORMAL(0),CAPTURE_NET(-956543104),FRONT(0),0.0,8.0,0.0,NORMAL(0),0.0,S(165454032),NONE(-94023312),ICE(4),0,20.0,NONE(1220034176),False,0.0,True,0.0,0.0,UnknEnumVal(3),1.7,0.0,ATTACK_FIRST(0),False,False,AUTO(-1072110528),SHOT(3),1.0,0.0,0.0,NONE(0),NULL,0.0,0.0,False,False,False,1.0,1.0,1.0,1.0,False,False,False,False,False,False,1,False,1,"{'WpGunElement_MultiHitCurve.user.3': [np.float64(1.0), np.float64(1.0), np.float64(0.8999999999999999), np.float64(0.8), np.float64(0.7), np.float64(0.7), np.float64(0.7), np.float64(0.7), np.float64(0.7), np.float64(0.7), np.float64(0.7), np.float64(0.7), np.float64(0.7), np.float64(0.7), np.float64(0.7), np.float64(0.7), np.float64(0.7), np.float64(0.7), np.float64(0.7), np.float64(0.7), np.float64(0.7), np.float64(0.7), np.float64(0.7), np.float64(0.7), np.float64(0.7), np.float64(0.7), np.float64(0.7), np.float64(0.7), np.float64(0.7), np.float64(0.7), np.float64(0.7)]}",False,False,False,False,False,10,True,False,1.0,1.0,True,True,,False,False,1.0,False,SHOT(19),PHYSICAL(0),0.0,0.0,-1,0.0,0.0,0.0,GESTURE(7),False,36185d94-feb4-415f-950d-5c47dd2e4ff9,False,0.0,ENABLED_REFLECTION(0),INVALID(-1),NORMAL(18341792),
,,,,,,,,,,,,,,,,,,,,,,,,,,,,,,,,,,,,,,,,,,,,,,,,,,,,,,,,,,,,,,,,,,,,,,,,,,,,,,,,,,,,,,,,,,,,,,,,,,
WpGunShell_ElementWater,,,,,,,,,,,,,,,,,,,,,,,,,,,,,,,,,,,,,,,,,,,,,,,,,,,,,,,,,,,,,,,,,,,,,,,,,,,,,,,,,,,,,,,,,,,,,,,,,,
0,PRIO_8(7),水冷弾,,水冷弾,,0,,0,Sphere,,,ContinuousSphere,"{'x': 0.0, 'y': 0.0, 'z': 0.0, 'radius': 0.2}",NORMAL(0),CAPTURE_NET(-956543104),FRONT(0),0.0,8.0,0.0,NORMAL(0),0.0,S(165454032),NONE(-94023312),WATER(2),0,20.0,NONE(1220034176),False,0.0,True,0.0,0.0,UnknEnumVal(3),1.7,0.0,ATTACK_FIRST(0),False,False,AUTO(-1072110528),SHOT(3),1.0,0.0,0.0,NONE(0),NULL,0.0,0.0,False,False,False,1.0,1.0,1.0,1.0,False,False,False,False,False,False,1,False,1,"{'WpGunElement_MultiHitCurve.user.3': [np.float64(1.0), np.float64(1.0), np.float64(0.8999999999999999), np.float64(0.8), np.float64(0.7), np.float64(0.7), np.float64(0.7), np.float64(0.7), np.float64(0.7), np.float64(0.7), np.float64(0.7), np.float64(0.7), np.float64(0.7), np.float64(0.7), np.float64(0.7), np.float64(0.7), np.float64(0.7), np.float64(0.7), np.float64(0.7), np.float64(0.7), np.float64(0.7), np.float64(0.7), np.float64(0.7), np.float64(0.7), np.float64(0.7), np.float64(0.7), np.float64(0.7), np.float64(0.7), np.float64(0.7), np.float64(0.7), np.float64(0.7)]}",False,False,False,False,False,10,True,False,1.0,1.0,True,True,,False,False,1.0,False,SHOT(19),PHYSICAL(0),0.0,0.0,-1,0.0,0.0,0.0,GESTURE(7),False,36185d94-feb4-415f-950d-5c47dd2e4ff9,False,0.0,ENABLED_REFLECTION(0)|WATER_ELEMENT(1),INVALID(-1),NORMAL(18341792),
1,PRIO_8(7),水冷弾サブ1,,水冷弾,,30,,0,,,,Capsule,"{'start': {'x': 0.0, 'y': 0.0, 'z': 0.0}, 'end': {'x': 0.0, 'y': 0.0, 'z': 0.0}, 'radius': 0.2}",NORMAL(0),CAPTURE_NET(-956543104),FRONT(0),0.0,8.0,0.0,NORMAL(0),0.0,S(165454032),NONE(-94023312),WATER(2),0,20.0,NONE(1220034176),False,0.0,True,0.0,0.0,UnknEnumVal(3),1.7,0.0,ATTACK_FIRST(0),False,False,AUTO(-1072110528),SHOT(3),1.0,0.0,0.0,NONE(0),NULL,0.0,0.0,False,False,False,1.0,1.0,1.0,1.0,False,False,False,False,False,False,1,False,1,"{'WpGunElement_MultiHitCurve.user.3': [np.float64(1.0), np.float64(1.0), np.float64(0.8999999999999999), np.float64(0.8), np.float64(0.7), np.float64(0.7), np.float64(0.7), np.float64(0.7), np.float64(0.7), np.float64(0.7), np.float64(0.7), np.float64(0.7), np.float64(0.7), np.float64(0.7), np.float64(0.7), np.float64(0.7), np.float64(0.7), np.float64(0.7), np.float64(0.7), np.float64(0.7), np.float64(0.7), np.float64(0.7), np.float64(0.7), np.float64(0.7), np.float64(0.7), np.float64(0.7), np.float64(0.7), np.float64(0.7), np.float64(0.7), np.float64(0.7), np.float64(0.7)]}",False,False,False,False,False,10,True,False,1.0,1.0,True,True,,False,False,1.0,False,SHOT(19),PHYSICAL(0),0.0,0.0,-1,0.0,0.0,0.0,GESTURE(7),False,36185d94-feb4-415f-950d-5c47dd2e4ff9,False,0.0,ENABLED_REFLECTION(0)|WATER_ELEMENT(1),INVALID(-1),NORMAL(18341792),
2,PRIO_8(7),水冷弾サブ2,,水冷弾,,30,,0,,,,Capsule,"{'start': {'x': 0.0, 'y': 0.0, 'z': 0.0}, 'end': {'x': 0.0, 'y': 0.0, 'z': 0.0}, 'radius': 0.2}",NORMAL(0),CAPTURE_NET(-956543104),FRONT(0),0.0,8.0,0.0,NORMAL(0),0.0,S(165454032),NONE(-94023312),WATER(2),0,20.0,NONE(1220034176),False,0.0,True,0.0,0.0,UnknEnumVal(3),1.7,0.0,ATTACK_FIRST(0),False,False,AUTO(-1072110528),SHOT(3),1.0,0.0,0.0,NONE(0),NULL,0.0,0.0,False,False,False,1.0,1.0,1.0,1.0,False,False,False,False,False,False,1,False,1,"{'WpGunElement_MultiHitCurve.user.3': [np.float64(1.0), np.float64(1.0), np.float64(0.8999999999999999), np.float64(0.8), np.float64(0.7), np.float64(0.7), np.float64(0.7), np.float64(0.7), np.float64(0.7), np.float64(0.7), np.float64(0.7), np.float64(0.7), np.float64(0.7), np.float64(0.7), np.float64(0.7), np.float64(0.7), np.float64(0.7), np.float64(0.7), np.float64(0.7), np.float64(0.7), np.float64(0.7), np.float64(0.7), np.float64(0.7), np.float64(0.7), np.float64(0.7), np.float64(0.7), np.float64(0.7), np.float64(0.7), np.float64(0.7), np.float64(0.7), np.float64(0.7)]}",False,False,False,False,False,10,True,False,1.0,1.0,True,True,,False,False,1.0,False,SHOT(19),PHYSICAL(0),0.0,0.0,-1,0.0,0.0,0.0,GESTURE(7),False,36185d94-feb4-415f-950d-5c47dd2e4ff9,False,0.0,ENABLED_REFLECTION(0)|WATER_ELEMENT(1),INVALID(-1),NORMAL(18341792),
3,PRIO_8(7),水冷弾サブ3,,水冷弾,,30,,0,,,,Capsule,"{'start': {'x': 0.0, 'y': 0.0, 'z': 0.0}, 'end': {'x': 0.0, 'y': 0.0, 'z': 0.0}, 'radius': 0.2}",NORMAL(0),CAPTURE_NET(-956543104),FRONT(0),0.0,8.0,0.0,NORMAL(0),0.0,S(165454032),NONE(-94023312),WATER(2),0,20.0,NONE(1220034176),False,0.0,True,0.0,0.0,UnknEnumVal(3),1.7,0.0,ATTACK_FIRST(0),False,False,AUTO(-1072110528),SHOT(3),1.0,0.0,0.0,NONE(0),NULL,0.0,0.0,False,False,False,1.0,1.0,1.0,1.0,False,False,False,False,False,False,1,False,1,"{'WpGunElement_MultiHitCurve.user.3': [np.float64(1.0), np.float64(1.0), np.float64(0.8999999999999999), np.float64(0.8), np.float64(0.7), np.float64(0.7), np.float64(0.7), np.float64(0.7), np.float64(0.7), np.float64(0.7), np.float64(0.7), np.float64(0.7), np.float64(0.7), np.float64(0.7), np.float64(0.7), np.float64(0.7), np.float64(0.7), np.float64(0.7), np.float64(0.7), np.float64(0.7), np.float64(0.7), np.float64(0.7), np.float64(0.7), np.float64(0.7), np.float64(0.7), np.float64(0.7), np.float64(0.7), np.float64(0.7), np.float64(0.7), np.float64(0.7), np.float64(0.7)]}",False,False,False,False,False,10,True,False,1.0,1.0,True,True,,False,False,1.0,False,SHOT(19),PHYSICAL(0),0.0,0.0,-1,0.0,0.0,0.0,GESTURE(7),False,36185d94-feb4-415f-950d-5c47dd2e4ff9,False,0.0,ENABLED_REFLECTION(0)|WATER_ELEMENT(1),INVALID(-1),NORMAL(18341792),
,,,,,,,,,,,,,,,,,,,,,,,,,,,,,,,,,,,,,,,,,,,,,,,,,,,,,,,,,,,,,,,,,,,,,,,,,,,,,,,,,,,,,,,,,,,,,,,,,,
WpGunShell_Element_Fire,,,,,,,,,,,,,,,,,,,,,,,,,,,,,,,,,,,,,,,,,,,,,,,,,,,,,,,,,,,,,,,,,,,,,,,,,,,,,,,,,,,,,,,,,,,,,,,,,,
0,PRIO_8(7),火炎弾,,火炎弾,,0,,0,Sphere,,,ContinuousSphere,"{'x': 0.0, 'y': 0.0, 'z': 0.0, 'radius': 0.2}",NORMAL(0),CAPTURE_NET(-956543104),FRONT(0),0.0,8.0,0.0,NORMAL(0),0.0,S(165454032),NONE(-94023312),FIRE(1),0,20.0,NONE(1220034176),False,0.0,True,0.0,0.0,UnknEnumVal(3),1.7,0.0,ATTACK_FIRST(0),False,False,AUTO(-1072110528),SHOT(3),1.0,0.0,0.0,NONE(0),NULL,0.0,0.0,False,False,False,1.0,1.0,1.0,1.0,False,False,False,False,False,False,1,False,1,"{'WpGunElement_MultiHitCurve.user.3': [np.float64(1.0), np.float64(1.0), np.float64(0.8999999999999999), np.float64(0.8), np.float64(0.7), np.float64(0.7), np.float64(0.7), np.float64(0.7), np.float64(0.7), np.float64(0.7), np.float64(0.7), np.float64(0.7), np.float64(0.7), np.float64(0.7), np.float64(0.7), np.float64(0.7), np.float64(0.7), np.float64(0.7), np.float64(0.7), np.float64(0.7), np.float64(0.7), np.float64(0.7), np.float64(0.7), np.float64(0.7), np.float64(0.7), np.float64(0.7), np.float64(0.7), np.float64(0.7), np.float64(0.7), np.float64(0.7), np.float64(0.7)]}",False,False,False,False,False,10,True,False,1.0,1.0,True,True,,False,False,1.0,False,SHOT(19),PHYSICAL(0),0.0,0.0,-1,0.0,0.0,0.0,GESTURE(7),False,36185d94-feb4-415f-950d-5c47dd2e4ff9,False,0.0,ENABLED_REFLECTION(0),INVALID(-1),NORMAL(18341792),
1,PRIO_8(7),火炎弾サブ0,,火炎弾,,30,,0,,,,Capsule,"{'start': {'x': 0.0, 'y': 0.0, 'z': 0.0}, 'end': {'x': 0.0, 'y': 0.0, 'z': 0.0}, 'radius': 0.2}",NORMAL(0),CAPTURE_NET(-956543104),FRONT(0),0.0,8.0,0.0,NORMAL(0),0.0,S(165454032),NONE(-94023312),FIRE(1),0,20.0,NONE(1220034176),False,0.0,True,0.0,0.0,UnknEnumVal(3),1.7,0.0,ATTACK_FIRST(0),False,False,AUTO(-1072110528),SHOT(3),1.0,0.0,0.0,NONE(0),NULL,0.0,0.0,False,False,False,1.0,1.0,1.0,1.0,False,False,False,False,False,False,1,False,1,"{'WpGunElement_MultiHitCurve.user.3': [np.float64(1.0), np.float64(1.0), np.float64(0.8999999999999999), np.float64(0.8), np.float64(0.7), np.float64(0.7), np.float64(0.7), np.float64(0.7), np.float64(0.7), np.float64(0.7), np.float64(0.7), np.float64(0.7), np.float64(0.7), np.float64(0.7), np.float64(0.7), np.float64(0.7), np.float64(0.7), np.float64(0.7), np.float64(0.7), np.float64(0.7), np.float64(0.7), np.float64(0.7), np.float64(0.7), np.float64(0.7), np.float64(0.7), np.float64(0.7), np.float64(0.7), np.float64(0.7), np.float64(0.7), np.float64(0.7), np.float64(0.7)]}",False,False,False,False,False,10,True,False,1.0,1.0,True,True,,False,False,1.0,False,SHOT(19),PHYSICAL(0),0.0,0.0,-1,0.0,0.0,0.0,GESTURE(7),False,36185d94-feb4-415f-950d-5c47dd2e4ff9,False,0.0,ENABLED_REFLECTION(0),INVALID(-1),NORMAL(18341792),
2,PRIO_8(7),火炎弾サブ1,,火炎弾,,30,,0,,,,Capsule,"{'start': {'x': 0.0, 'y': 0.0, 'z': 0.0}, 'end': {'x': 0.0, 'y': 0.0, 'z': 0.0}, 'radius': 0.2}",NORMAL(0),CAPTURE_NET(-956543104),FRONT(0),0.0,8.0,0.0,NORMAL(0),0.0,S(165454032),NONE(-94023312),FIRE(1),0,20.0,NONE(1220034176),False,0.0,True,0.0,0.0,UnknEnumVal(3),1.7,0.0,ATTACK_FIRST(0),False,False,AUTO(-1072110528),SHOT(3),1.0,0.0,0.0,NONE(0),NULL,0.0,0.0,False,False,False,1.0,1.0,1.0,1.0,False,False,False,False,False,False,1,False,1,"{'WpGunElement_MultiHitCurve.user.3': [np.float64(1.0), np.float64(1.0), np.float64(0.8999999999999999), np.float64(0.8), np.float64(0.7), np.float64(0.7), np.float64(0.7), np.float64(0.7), np.float64(0.7), np.float64(0.7), np.float64(0.7), np.float64(0.7), np.float64(0.7), np.float64(0.7), np.float64(0.7), np.float64(0.7), np.float64(0.7), np.float64(0.7), np.float64(0.7), np.float64(0.7), np.float64(0.7), np.float64(0.7), np.float64(0.7), np.float64(0.7), np.float64(0.7), np.float64(0.7), np.float64(0.7), np.float64(0.7), np.float64(0.7), np.float64(0.7), np.float64(0.7)]}",False,False,False,False,False,10,True,False,1.0,1.0,True,True,,False,False,1.0,False,SHOT(19),PHYSICAL(0),0.0,0.0,-1,0.0,0.0,0.0,GESTURE(7),False,36185d94-feb4-415f-950d-5c47dd2e4ff9,False,0.0,ENABLED_REFLECTION(0),INVALID(-1),NORMAL(18341792),
3,PRIO_8(7),火炎弾サブ2,,火炎弾,,30,,0,,,,Capsule,"{'start': {'x': 0.0, 'y': 0.0, 'z': 0.0}, 'end': {'x': 0.0, 'y': 0.0, 'z': 0.0}, 'radius': 0.2}",NORMAL(0),CAPTURE_NET(-956543104),FRONT(0),0.0,8.0,0.0,NORMAL(0),0.0,S(165454032),NONE(-94023312),FIRE(1),0,20.0,NONE(1220034176),False,0.0,True,0.0,0.0,UnknEnumVal(3),1.7,0.0,ATTACK_FIRST(0),False,False,AUTO(-1072110528),SHOT(3),1.0,0.0,0.0,NONE(0),NULL,0.0,0.0,False,False,False,1.0,1.0,1.0,1.0,False,False,False,False,False,False,1,False,1,"{'WpGunElement_MultiHitCurve.user.3': [np.float64(1.0), np.float64(1.0), np.float64(0.8999999999999999), np.float64(0.8), np.float64(0.7), np.float64(0.7), np.float64(0.7), np.float64(0.7), np.float64(0.7), np.float64(0.7), np.float64(0.7), np.float64(0.7), np.float64(0.7), np.float64(0.7), np.float64(0.7), np.float64(0.7), np.float64(0.7), np.float64(0.7), np.float64(0.7), np.float64(0.7), np.float64(0.7), np.float64(0.7), np.float64(0.7), np.float64(0.7), np.float64(0.7), np.float64(0.7), np.float64(0.7), np.float64(0.7), np.float64(0.7), np.float64(0.7), np.float64(0.7)]}",False,False,False,False,False,10,True,False,1.0,1.0,True,True,,False,False,1.0,False,SHOT(19),PHYSICAL(0),0.0,0.0,-1,0.0,0.0,0.0,GESTURE(7),False,36185d94-feb4-415f-950d-5c47dd2e4ff9,False,0.0,ENABLED_REFLECTION(0),INVALID(-1),NORMAL(18341792),
,,,,,,,,,,,,,,,,,,,,,,,,,,,,,,,,,,,,,,,,,,,,,,,,,,,,,,,,,,,,,,,,,,,,,,,,,,,,,,,,,,,,,,,,,,,,,,,,,,
WpGunShell_EnergyGrenade,,,,,,,,,,,,,,,,,,,,,,,,,,,,,,,,,,,,,,,,,,,,,,,,,,,,,,,,,,,,,,,,,,,,,,,,,,,,,,,,,,,,,,,,,,,,,,,,,,
0,PRIO_8(7),グレネード弾,,ヒット検知用ノーダメージ,,0,,0,Sphere,,,ContinuousSphere,"{'x': 0.0, 'y': 0.0, 'z': 0.0, 'radius': 0.2}",NORMAL(0),CAPTURE_NET(-956543104),FRONT(0),0.0,0.0,0.0,NORMAL(0),0.0,S(165454032),NONE(-94023312),NONE(0),0,0.0,NONE(1220034176),False,0.0,True,0.0,0.0,IGNORE_PARTS_PRIORITY(2),0.0,0.0,ATTACK_FIRST(0),False,False,AUTO(-1072110528),NONE(0),1.0,0.0,0.0,NONE(0),NULL,0.0,0.0,False,False,False,1.0,1.0,1.0,1.0,False,False,False,False,False,False,1,False,1,,False,False,False,False,False,10,True,False,1.0,1.0,False,True,,False,False,1.0,False,NONE(10),,0.0,0.0,-1,0.0,0.0,0.0,NONE(55),False,00000000-0000-0000-0000-000000000000,False,0.0,,INVALID(-1),NORMAL(18341792),
1,PRIO_8(7),グレネード弾爆発,,グレネード弾爆発,,7,,0,,,,Sphere,"{'x': 0.0, 'y': 0.0, 'z': 0.0, 'radius': 0.65}",NORMAL(0),CAPTURE_NET(-956543104),FRONT(0),0.0,10.0,0.0,NORMAL(0),0.0,S(165454032),NONE(-94023312),FIRE(1),0,5.0,NONE(1220034176),False,0.0,True,0.0,0.0,NONE(0),0.0,0.0,ATTACK_FIRST(0),False,False,AUTO(-1072110528),NONE(0),1.0,0.0,0.0,NONE(0),NULL,0.0,0.0,False,False,False,1.0,1.0,1.0,1.0,False,False,False,False,False,False,1,False,1,,False,False,False,False,False,10,True,False,1.0,1.0,False,True,,True,False,1.0,False,EXPLOSION(5),,0.0,0.0,-1,0.0,0.0,0.0,NORMAL(0),False,604c9c34-a671-4034-b57e-9adf11300f02,False,0.0,,INVALID(-1),NORMAL(18341792),
,,,,,,,,,,,,,,,,,,,,,,,,,,,,,,,,,,,,,,,,,,,,,,,,,,,,,,,,,,,,,,,,,,,,,,,,,,,,,,,,,,,,,,,,,,,,,,,,,,
WpGunShell_Gatling,,,,,,,,,,,,,,,,,,,,,,,,,,,,,,,,,,,,,,,,,,,,,,,,,,,,,,,,,,,,,,,,,,,,,,,,,,,,,,,,,,,,,,,,,,,,,,,,,,
0,PRIO_8(7),機関竜弾,,機関竜弾,,0,,0,Sphere,,,ContinuousSphere,"{'x': 0.0, 'y': 0.0, 'z': 0.0, 'radius': 0.2}",NORMAL(0),CAPTURE_NET(-956543104),FRONT(0),0.0,9.0,0.0,NORMAL(0),0.0,S(165454032),NONE(-94023312),NONE(0),0,0.0,NONE(1220034176),False,0.0,True,0.0,0.0,IGNORE_PARTS_PRIORITY(2),0.0,0.0,ATTACK_FIRST(0),False,False,AUTO(-1072110528),SHOT(3),1.0,0.0,0.0,NONE(0),NULL,0.0,0.0,False,False,False,1.0,1.0,1.0,1.0,False,False,False,False,False,False,1,False,1,,False,False,False,False,False,10,True,False,1.0,1.0,False,True,,False,False,1.0,False,SHOT(19),,0.0,0.0,-1,0.0,0.0,0.0,GESTURE(7),False,a6190cf9-7b12-49ee-b74a-bc44a3e7bddc,False,0.0,,INVALID(-1),NORMAL(18341792),
,,,,,,,,,,,,,,,,,,,,,,,,,,,,,,,,,,,,,,,,,,,,,,,,,,,,,,,,,,,,,,,,,,,,,,,,,,,,,,,,,,,,,,,,,,,,,,,,,,
WpGunShell_Laser,,,,,,,,,,,,,,,,,,,,,,,,,,,,,,,,,,,,,,,,,,,,,,,,,,,,,,,,,,,,,,,,,,,,,,,,,,,,,,,,,,,,,,,,,,,,,,,,,,
0,PRIO_8(7),レーザー弾,,レーザー弾,,6,,0,,,,ContinuousSphere,"{'x': 0.0, 'y': 0.0, 'z': 0.0, 'radius': 0.25}",NORMAL(0),CAPTURE_NET(-956543104),FRONT(0),0.0,6.0,2.0,NORMAL(0),0.0,S(165454032),NONE(-94023312),NONE(0),0,0.0,NONE(1220034176),False,0.0,True,0.0,0.0,UnknEnumVal(3),14.0,0.0,ATTACK_FIRST(0),False,False,AUTO(-1072110528),SHOT(3),1.0,0.0,0.0,NONE(0),NULL,0.0,0.0,False,False,False,1.0,1.0,1.0,1.0,False,False,False,False,False,False,1,False,1,"{'WpGunEnergyLaser_MultiHitCurve.user.3': [np.float64(1.0), np.float64(1.8), np.float64(2.8), np.float64(1.8), np.float64(1.0), np.float64(1.0), np.float64(1.0), np.float64(1.0), np.float64(1.0), np.float64(1.0), np.float64(1.0)]}",False,False,False,False,False,10,True,False,1.0,1.0,False,True,,False,False,1.0,False,SHOT(19),,0.0,0.0,-1,0.0,0.0,0.0,GESTURE(7),False,f8f2a86e-8381-4af3-80a4-87a6d5c29acb,False,0.0,,INVALID(-1),NORMAL(18341792),
,,,,,,,,,,,,,,,,,,,,,,,,,,,,,,,,,,,,,,,,,,,,,,,,,,,,,,,,,,,,,,,,,,,,,,,,,,,,,,,,,,,,,,,,,,,,,,,,,,
WpGunShell_Mortar,,,,,,,,,,,,,,,,,,,,,,,,,,,,,,,,,,,,,,,,,,,,,,,,,,,,,,,,,,,,,,,,,,,,,,,,,,,,,,,,,,,,,,,,,,,,,,,,,,
0,PRIO_8(7),拡散弾,,コンスト弾,,0,,0,Sphere,,,ContinuousSphere,"{'x': 0.0, 'y': 0.0, 'z': 0.0, 'radius': 0.2}",NORMAL(0),CAPTURE_NET(-956543104),FRONT(0),0.0,1.0,0.0,NORMAL(0),0.0,S(165454032),NONE(-94023312),NONE(0),0,0.0,NONE(1220034176),False,0.0,True,0.0,0.0,IGNORE_PARTS_PRIORITY(2),0.0,0.0,ATTACK_FIRST(0),False,False,AUTO(-1072110528),SHOT(3),1.0,0.0,0.0,NONE(0),NULL,0.0,0.0,False,False,False,1.0,1.0,1.0,1.0,False,False,False,False,False,False,1,False,1,,False,False,False,False,False,10,True,False,1.0,1.0,False,True,,True,False,1.0,False,SHOT(19),KAN_TO_THROUGH(6),0.0,0.0,-1,0.0,0.0,0.0,GESTURE(7),False,604c9c34-a671-4034-b57e-9adf11300f02,False,0.0,,INVALID(-1),NORMAL(18341792),
1,PRIO_8(7),拡散弾子供部分,,ヒット検知用ノーダメージ,,0,,0,Sphere,,,ContinuousSphere,"{'x': 0.0, 'y': 0.0, 'z': 0.0, 'radius': 0.2}",NORMAL(0),CAPTURE_NET(-956543104),FRONT(0),0.0,0.0,0.0,NORMAL(0),0.0,S(165454032),NONE(-94023312),NONE(0),0,0.0,NONE(1220034176),False,0.0,True,0.0,0.0,IGNORE_PARTS_PRIORITY(2),0.0,0.0,ATTACK_FIRST(0),False,False,AUTO(-1072110528),NONE(0),1.0,0.0,0.0,NONE(0),NULL,0.0,0.0,False,False,False,1.0,1.0,1.0,1.0,False,False,False,False,False,False,1,False,1,,False,False,False,False,False,10,True,False,1.0,1.0,False,True,,False,False,1.0,False,NONE(10),,0.0,0.0,-1,0.0,0.0,0.0,NONE(55),False,00000000-0000-0000-0000-000000000000,False,0.0,,INVALID(-1),NORMAL(18341792),
2,PRIO_8(7),拡散弾爆発,,拡散弾爆発,,10,,0,,,,Sphere,"{'x': 0.0, 'y': 0.0, 'z': 0.0, 'radius': 1.0}",NORMAL(0),CAPTURE_NET(-956543104),FRONT(0),0.0,23.0,0.0,NORMAL(0),0.0,S(165454032),NONE(-94023312),FIRE(1),0,5.0,NONE(1220034176),False,0.0,True,0.0,0.0,NONE(0),0.0,0.0,ATTACK_FIRST(0),False,False,AUTO(-1072110528),NONE(0),1.0,0.0,0.0,NONE(0),NULL,0.0,0.0,False,False,False,1.0,1.0,1.0,1.0,False,False,False,False,False,False,1,False,1,,False,False,False,False,False,10,True,False,1.0,1.0,False,True,,True,False,1.0,False,NONE(10),,0.0,0.0,-1,0.0,0.0,0.0,NORMAL(0),False,c56ee4bf-6d4a-40bb-b95a-d581aac55bb1,False,0.0,,INVALID(-1),NORMAL(18341792),
,,,,,,,,,,,,,,,,,,,,,,,,,,,,,,,,,,,,,,,,,,,,,,,,,,,,,,,,,,,,,,,,,,,,,,,,,,,,,,,,,,,,,,,,,,,,,,,,,,
WpGunShell_Normal,,,,,,,,,,,,,,,,,,,,,,,,,,,,,,,,,,,,,,,,,,,,,,,,,,,,,,,,,,,,,,,,,,,,,,,,,,,,,,,,,,,,,,,,,,,,,,,,,,
0,PRIO_8(7),通常弾,,通常弾lv1,,0,,0,Sphere,,,ContinuousSphere,"{'x': 0.0, 'y': 0.0, 'z': 0.0, 'radius': 0.2}",NORMAL(0),CAPTURE_NET(-956543104),FRONT(0),0.0,15.0,0.0,NORMAL(0),0.0,S(165454032),NONE(-94023312),NONE(0),0,0.0,NONE(1220034176),False,0.0,True,0.0,0.0,IGNORE_PARTS_PRIORITY(2),0.0,0.0,ATTACK_FIRST(0),False,False,AUTO(-1072110528),SHOT(3),1.0,0.0,0.0,NONE(0),NULL,0.0,0.0,False,False,False,1.0,1.0,1.0,1.0,False,False,False,False,False,False,1,False,1,,False,False,False,False,False,10,True,False,1.0,1.0,True,True,,False,False,1.0,False,SHOT(19),,0.0,0.0,-1,0.0,0.0,0.0,GESTURE(7),False,604c9c34-a671-4034-b57e-9adf11300f02,False,0.0,ENABLED_REFLECTION(0),INVALID(-1),NORMAL(18341792),
,,,,,,,,,,,,,,,,,,,,,,,,,,,,,,,,,,,,,,,,,,,,,,,,,,,,,,,,,,,,,,,,,,,,,,,,,,,,,,,,,,,,,,,,,,,,,,,,,,
WpGunShell_Parry,,,,,,,,,,,,,,,,,,,,,,,,,,,,,,,,,,,,,,,,,,,,,,,,,,,,,,,,,,,,,,,,,,,,,,,,,,,,,,,,,,,,,,,,,,,,,,,,,,
0,PRIO_8(7),相殺弾Parry,,相殺弾,,2,,0,,,,Capsule,"{'start': {'x': 0.0, 'y': 0.0, 'z': 0.0}, 'end': {'x': 0.0, 'y': 0.0, 'z': 5.5}, 'radius': 1.5}",NORMAL(0),CAPTURE_NET(-956543104),FRONT(0),0.0,30.0,0.0,NORMAL(0),0.0,M(-1996372096),NONE(-94023312),NONE(0),0,0.0,NONE(1220034176),False,0.0,True,0.0,0.0,NONE(0),0.0,0.0,ATTACK_FIRST(0),False,False,AUTO(-1072110528),NONE(0),1.0,80.0,0.0,NONE(0),NULL,0.0,0.0,False,False,False,1.0,1.0,1.0,1.0,False,False,False,False,False,False,1,False,1,,False,False,False,False,False,10,True,False,1.0,1.0,False,True,,True,False,1.0,False,NONE(10),,0.0,0.0,-1,0.0,0.0,0.0,SLIP(22),False,c56ee4bf-6d4a-40bb-b95a-d581aac55bb1,False,0.0,,INVALID(-1),NORMAL(18341792),
1,PRIO_8(7),相殺弾,,相殺弾,,3,,0,,,,Capsule,"{'start': {'x': 0.0, 'y': 0.0, 'z': 0.0}, 'end': {'x': 0.0, 'y': 0.0, 'z': 5.5}, 'radius': 1.5}",NORMAL(0),CAPTURE_NET(-956543104),FRONT(0),0.0,30.0,0.0,NORMAL(0),0.0,M(-1996372096),NONE(-94023312),NONE(0),0,0.0,NONE(1220034176),False,0.0,True,0.0,0.0,NONE(0),0.0,0.0,ATTACK_FIRST(0),False,False,AUTO(-1072110528),NONE(0),1.0,80.0,0.0,NONE(0),NULL,0.0,0.0,False,False,False,1.0,1.0,1.0,1.0,False,False,False,False,False,False,1,False,1,,False,False,False,False,False,10,True,False,1.0,1.0,False,True,,True,False,1.0,False,NONE(10),,0.0,0.0,-1,0.0,0.0,0.0,SLIP(22),False,c56ee4bf-6d4a-40bb-b95a-d581aac55bb1,False,0.0,,INVALID(-1),NORMAL(18341792),
2,PRIO_8(7),相殺弾成功追撃,,相殺成功追撃,,4,,0,,,,Sphere,"{'x': 0.0, 'y': 0.0, 'z': 0.0, 'radius': 2.5}",NORMAL(0),NONE(1996289920),FRONT(0),0.0,37.0,0.0,NORMAL(0),0.0,S(165454032),NONE(-94023312),NONE(0),0,0.0,NONE(1220034176),False,0.0,True,0.0,0.0,NONE(0),0.0,0.0,ATTACK_FIRST(0),False,False,AUTO(-1072110528),NONE(0),1.0,0.0,0.0,NONE(0),NULL,0.0,0.0,False,False,False,1.0,1.0,1.0,1.0,False,False,False,False,False,False,1,False,1,,False,False,True,False,False,10,True,False,1.0,1.0,False,True,,True,False,1.0,False,NONE(10),,0.0,0.0,-1,0.0,0.0,0.0,NONE(55),False,00000000-0000-0000-0000-000000000000,False,0.0,,INVALID(-1),NORMAL(18341792),
3,PRIO_8(7),相殺弾小成功追撃,,相殺小成功追撃,,4,,0,,,,Sphere,"{'x': 0.0, 'y': 0.0, 'z': 0.0, 'radius': 2.5}",NORMAL(0),NONE(1996289920),FRONT(0),0.0,20.0,0.0,NORMAL(0),0.0,S(165454032),NONE(-94023312),NONE(0),0,0.0,NONE(1220034176),False,0.0,True,0.0,0.0,NONE(0),0.0,0.0,ATTACK_FIRST(0),False,False,AUTO(-1072110528),NONE(0),1.0,0.0,0.0,NONE(0),NULL,0.0,0.0,False,False,False,1.0,1.0,1.0,1.0,False,False,False,False,False,False,1,False,1,,False,False,True,False,False,10,True,False,1.0,1.0,False,True,,True,False,1.0,False,NONE(10),,0.0,0.0,-1,0.0,0.0,0.0,NONE(55),False,00000000-0000-0000-0000-000000000000,False,0.0,,INVALID(-1),NORMAL(18341792),
,,,,,,,,,,,,,,,,,,,,,,,,,,,,,,,,,,,,,,,,,,,,,,,,,,,,,,,,,,,,,,,,,,,,,,,,,,,,,,,,,,,,,,,,,,,,,,,,,,
WpGunShell_Penetrate,,,,,,,,,,,,,,,,,,,,,,,,,,,,,,,,,,,,,,,,,,,,,,,,,,,,,,,,,,,,,,,,,,,,,,,,,,,,,,,,,,,,,,,,,,,,,,,,,,
0,PRIO_8(7),貫通弾Lv1,,貫通弾Lv1,,0,,0,Sphere,,,ContinuousSphere,"{'x': 0.0, 'y': 0.0, 'z': 0.0, 'radius': 0.2}",NORMAL(0),CAPTURE_NET(-956543104),FRONT(0),0.0,11.0,0.0,NORMAL(0),0.0,S(165454032),NONE(-94023312),NONE(0),0,0.0,NONE(1220034176),False,0.0,True,0.0,0.0,UnknEnumVal(3),1.8,0.0,ATTACK_FIRST(0),False,False,AUTO(-1072110528),SHOT(3),1.0,0.0,0.0,NONE(0),NULL,0.0,0.0,False,False,False,1.0,1.0,1.0,1.0,False,False,False,False,False,False,1,False,1,"{'WpGunPenetrate_MultiHitCurve.user.3': [np.float64(1.0), np.float64(1.0), np.float64(0.9), np.float64(0.8), np.float64(0.7), np.float64(0.7), np.float64(0.7), np.float64(0.7), np.float64(0.7), np.float64(0.7), np.float64(0.7), np.float64(0.7), np.float64(0.7), np.float64(0.7), np.float64(0.7), np.float64(0.7), np.float64(0.7), np.float64(0.7), np.float64(0.7), np.float64(0.7), np.float64(0.7), np.float64(0.7), np.float64(0.7), np.float64(0.7), np.float64(0.7), np.float64(0.7), np.float64(0.7), np.float64(0.7), np.float64(0.7), np.float64(0.7), np.float64(0.7)]}",False,False,False,False,False,10,True,False,1.0,1.0,True,True,,False,False,1.0,False,SHOT(19),,0.0,0.0,-1,0.0,0.0,0.0,GESTURE(7),False,36185d94-feb4-415f-950d-5c47dd2e4ff9,False,0.0,ENABLED_REFLECTION(0),INVALID(-1),NORMAL(18341792),
1,PRIO_8(7),貫通弾Lv2,,貫通弾Lv2,,0,,0,Sphere,,,ContinuousSphere,"{'x': 0.0, 'y': 0.0, 'z': 0.0, 'radius': 0.2}",NORMAL(0),CAPTURE_NET(-956543104),FRONT(0),0.0,12.0,0.0,NORMAL(0),0.0,S(165454032),NONE(-94023312),NONE(0),0,0.0,NONE(1220034176),False,0.0,True,0.0,0.0,UnknEnumVal(3),1.5,0.0,ATTACK_FIRST(0),False,False,AUTO(-1072110528),SHOT(3),1.0,0.0,0.0,NONE(0),NULL,0.0,0.0,False,False,False,1.0,1.0,1.0,1.0,False,False,False,False,False,False,1,False,1,"{'WpGunPenetrate_MultiHitCurve.user.3': [np.float64(1.0), np.float64(1.0), np.float64(0.9), np.float64(0.8), np.float64(0.7), np.float64(0.7), np.float64(0.7), np.float64(0.7), np.float64(0.7), np.float64(0.7), np.float64(0.7), np.float64(0.7), np.float64(0.7), np.float64(0.7), np.float64(0.7), np.float64(0.7), np.float64(0.7), np.float64(0.7), np.float64(0.7), np.float64(0.7), np.float64(0.7), np.float64(0.7), np.float64(0.7), np.float64(0.7), np.float64(0.7), np.float64(0.7), np.float64(0.7), np.float64(0.7), np.float64(0.7), np.float64(0.7), np.float64(0.7)]}",False,False,False,False,False,10,True,False,1.0,1.0,True,True,,False,False,1.0,False,SHOT(19),,0.0,0.0,-1,0.0,0.0,0.0,GESTURE(7),False,36185d94-feb4-415f-950d-5c47dd2e4ff9,False,0.0,ENABLED_REFLECTION(0),INVALID(-1),NORMAL(18341792),
2,PRIO_8(7),貫通弾Lv3,,貫通弾Lv3,,0,,0,Sphere,,,ContinuousSphere,"{'x': 0.0, 'y': 0.0, 'z': 0.0, 'radius': 0.2}",NORMAL(0),CAPTURE_NET(-956543104),FRONT(0),0.0,12.0,0.0,NORMAL(0),0.0,S(165454032),NONE(-94023312),NONE(0),0,0.0,NONE(1220034176),False,0.0,True,0.0,0.0,UnknEnumVal(3),1.3,0.0,ATTACK_FIRST(0),False,False,AUTO(-1072110528),SHOT(3),1.0,0.0,0.0,NONE(0),NULL,0.0,0.0,False,False,False,1.0,1.0,1.0,1.0,False,False,False,False,False,False,1,False,1,"{'WpGunPenetrate_MultiHitCurve.user.3': [np.float64(1.0), np.float64(1.0), np.float64(0.9), np.float64(0.8), np.float64(0.7), np.float64(0.7), np.float64(0.7), np.float64(0.7), np.float64(0.7), np.float64(0.7), np.float64(0.7), np.float64(0.7), np.float64(0.7), np.float64(0.7), np.float64(0.7), np.float64(0.7), np.float64(0.7), np.float64(0.7), np.float64(0.7), np.float64(0.7), np.float64(0.7), np.float64(0.7), np.float64(0.7), np.float64(0.7), np.float64(0.7), np.float64(0.7), np.float64(0.7), np.float64(0.7), np.float64(0.7), np.float64(0.7), np.float64(0.7)]}",False,False,False,False,False,10,True,False,1.0,1.0,True,True,,False,False,1.0,False,SHOT(19),,0.0,0.0,-1,0.0,0.0,0.0,GESTURE(7),False,36185d94-feb4-415f-950d-5c47dd2e4ff9,False,0.0,ENABLED_REFLECTION(0),INVALID(-1),NORMAL(18341792),
3,PRIO_8(7),貫通弾Lv1_サブ0,,貫通弾Lv1,,30,,0,,,,Capsule,"{'start': {'x': 0.0, 'y': 0.0, 'z': 0.0}, 'end': {'x': 0.0, 'y': 0.0, 'z': 0.0}, 'radius': 0.2}",NORMAL(0),CAPTURE_NET(-956543104),FRONT(0),0.0,11.0,0.0,NORMAL(0),0.0,S(165454032),NONE(-94023312),NONE(0),0,0.0,NONE(1220034176),False,0.0,True,0.0,0.0,UnknEnumVal(3),1.8,0.0,ATTACK_FIRST(0),False,False,AUTO(-1072110528),SHOT(3),1.0,0.0,0.0,NONE(0),NULL,0.0,0.0,False,False,False,1.0,1.0,1.0,1.0,False,False,False,False,False,False,1,False,1,"{'WpGunPenetrate_MultiHitCurve.user.3': [np.float64(1.0), np.float64(1.0), np.float64(0.9), np.float64(0.8), np.float64(0.7), np.float64(0.7), np.float64(0.7), np.float64(0.7), np.float64(0.7), np.float64(0.7), np.float64(0.7), np.float64(0.7), np.float64(0.7), np.float64(0.7), np.float64(0.7), np.float64(0.7), np.float64(0.7), np.float64(0.7), np.float64(0.7), np.float64(0.7), np.float64(0.7), np.float64(0.7), np.float64(0.7), np.float64(0.7), np.float64(0.7), np.float64(0.7), np.float64(0.7), np.float64(0.7), np.float64(0.7), np.float64(0.7), np.float64(0.7)]}",False,False,False,False,False,10,True,False,1.0,1.0,True,True,,False,False,1.0,False,SHOT(19),,0.0,0.0,-1,0.0,0.0,0.0,GESTURE(7),False,36185d94-feb4-415f-950d-5c47dd2e4ff9,False,0.0,ENABLED_REFLECTION(0),INVALID(-1),NORMAL(18341792),
4,PRIO_8(7),貫通弾Lv1_サブ1,,貫通弾Lv1,,30,,0,,,,Capsule,"{'start': {'x': 0.0, 'y': 0.0, 'z': 0.0}, 'end': {'x': 0.0, 'y': 0.0, 'z': 0.0}, 'radius': 0.2}",NORMAL(0),CAPTURE_NET(-956543104),FRONT(0),0.0,11.0,0.0,NORMAL(0),0.0,S(165454032),NONE(-94023312),NONE(0),0,0.0,NONE(1220034176),False,0.0,True,0.0,0.0,UnknEnumVal(3),1.8,0.0,ATTACK_FIRST(0),False,False,AUTO(-1072110528),SHOT(3),1.0,0.0,0.0,NONE(0),NULL,0.0,0.0,False,False,False,1.0,1.0,1.0,1.0,False,False,False,False,False,False,1,False,1,"{'WpGunPenetrate_MultiHitCurve.user.3': [np.float64(1.0), np.float64(1.0), np.float64(0.9), np.float64(0.8), np.float64(0.7), np.float64(0.7), np.float64(0.7), np.float64(0.7), np.float64(0.7), np.float64(0.7), np.float64(0.7), np.float64(0.7), np.float64(0.7), np.float64(0.7), np.float64(0.7), np.float64(0.7), np.float64(0.7), np.float64(0.7), np.float64(0.7), np.float64(0.7), np.float64(0.7), np.float64(0.7), np.float64(0.7), np.float64(0.7), np.float64(0.7), np.float64(0.7), np.float64(0.7), np.float64(0.7), np.float64(0.7), np.float64(0.7), np.float64(0.7)]}",False,False,False,False,False,10,True,False,1.0,1.0,True,True,,False,False,1.0,False,SHOT(19),,0.0,0.0,-1,0.0,0.0,0.0,GESTURE(7),False,36185d94-feb4-415f-950d-5c47dd2e4ff9,False,0.0,ENABLED_REFLECTION(0),INVALID(-1),NORMAL(18341792),
5,PRIO_8(7),貫通弾Lv1_サブ2,,貫通弾Lv1,,30,,0,,,,Capsule,"{'start': {'x': 0.0, 'y': 0.0, 'z': 0.0}, 'end': {'x': 0.0, 'y': 0.0, 'z': 0.0}, 'radius': 0.2}",NORMAL(0),CAPTURE_NET(-956543104),FRONT(0),0.0,11.0,0.0,NORMAL(0),0.0,S(165454032),NONE(-94023312),NONE(0),0,0.0,NONE(1220034176),False,0.0,True,0.0,0.0,UnknEnumVal(3),1.8,0.0,ATTACK_FIRST(0),False,False,AUTO(-1072110528),SHOT(3),1.0,0.0,0.0,NONE(0),NULL,0.0,0.0,False,False,False,1.0,1.0,1.0,1.0,False,False,False,False,False,False,1,False,1,"{'WpGunPenetrate_MultiHitCurve.user.3': [np.float64(1.0), np.float64(1.0), np.float64(0.9), np.float64(0.8), np.float64(0.7), np.float64(0.7), np.float64(0.7), np.float64(0.7), np.float64(0.7), np.float64(0.7), np.float64(0.7), np.float64(0.7), np.float64(0.7), np.float64(0.7), np.float64(0.7), np.float64(0.7), np.float64(0.7), np.float64(0.7), np.float64(0.7), np.float64(0.7), np.float64(0.7), np.float64(0.7), np.float64(0.7), np.float64(0.7), np.float64(0.7), np.float64(0.7), np.float64(0.7), np.float64(0.7), np.float64(0.7), np.float64(0.7), np.float64(0.7)]}",False,False,False,False,False,10,True,False,1.0,1.0,True,True,,False,False,1.0,False,SHOT(19),,0.0,0.0,-1,0.0,0.0,0.0,GESTURE(7),False,36185d94-feb4-415f-950d-5c47dd2e4ff9,False,0.0,ENABLED_REFLECTION(0),INVALID(-1),NORMAL(18341792),
6,PRIO_8(7),貫通弾Lv2_サブ0,,貫通弾Lv2,,30,,0,,,,Capsule,"{'start': {'x': 0.0, 'y': 0.0, 'z': 0.0}, 'end': {'x': 0.0, 'y': 0.0, 'z': 0.0}, 'radius': 0.2}",NORMAL(0),CAPTURE_NET(-956543104),FRONT(0),0.0,12.0,0.0,NORMAL(0),0.0,S(165454032),NONE(-94023312),NONE(0),0,0.0,NONE(1220034176),False,0.0,True,0.0,0.0,UnknEnumVal(3),1.5,0.0,ATTACK_FIRST(0),False,False,AUTO(-1072110528),SHOT(3),1.0,0.0,0.0,NONE(0),NULL,0.0,0.0,False,False,False,1.0,1.0,1.0,1.0,False,False,False,False,False,False,1,False,1,"{'WpGunPenetrate_MultiHitCurve.user.3': [np.float64(1.0), np.float64(1.0), np.float64(0.9), np.float64(0.8), np.float64(0.7), np.float64(0.7), np.float64(0.7), np.float64(0.7), np.float64(0.7), np.float64(0.7), np.float64(0.7), np.float64(0.7), np.float64(0.7), np.float64(0.7), np.float64(0.7), np.float64(0.7), np.float64(0.7), np.float64(0.7), np.float64(0.7), np.float64(0.7), np.float64(0.7), np.float64(0.7), np.float64(0.7), np.float64(0.7), np.float64(0.7), np.float64(0.7), np.float64(0.7), np.float64(0.7), np.float64(0.7), np.float64(0.7), np.float64(0.7)]}",False,False,False,False,False,10,True,False,1.0,1.0,True,True,,False,False,1.0,False,SHOT(19),,0.0,0.0,-1,0.0,0.0,0.0,GESTURE(7),False,36185d94-feb4-415f-950d-5c47dd2e4ff9,False,0.0,ENABLED_REFLECTION(0),INVALID(-1),NORMAL(18341792),
7,PRIO_8(7),貫通弾Lv2_サブ1,,貫通弾Lv2,,30,,0,,,,Capsule,"{'start': {'x': 0.0, 'y': 0.0, 'z': 0.0}, 'end': {'x': 0.0, 'y': 0.0, 'z': 0.0}, 'radius': 0.2}",NORMAL(0),CAPTURE_NET(-956543104),FRONT(0),0.0,12.0,0.0,NORMAL(0),0.0,S(165454032),NONE(-94023312),NONE(0),0,0.0,NONE(1220034176),False,0.0,True,0.0,0.0,UnknEnumVal(3),1.5,0.0,ATTACK_FIRST(0),False,False,AUTO(-1072110528),SHOT(3),1.0,0.0,0.0,NONE(0),NULL,0.0,0.0,False,False,False,1.0,1.0,1.0,1.0,False,False,False,False,False,False,1,False,1,"{'WpGunPenetrate_MultiHitCurve.user.3': [np.float64(1.0), np.float64(1.0), np.float64(0.9), np.float64(0.8), np.float64(0.7), np.float64(0.7), np.float64(0.7), np.float64(0.7), np.float64(0.7), np.float64(0.7), np.float64(0.7), np.float64(0.7), np.float64(0.7), np.float64(0.7), np.float64(0.7), np.float64(0.7), np.float64(0.7), np.float64(0.7), np.float64(0.7), np.float64(0.7), np.float64(0.7), np.float64(0.7), np.float64(0.7), np.float64(0.7), np.float64(0.7), np.float64(0.7), np.float64(0.7), np.float64(0.7), np.float64(0.7), np.float64(0.7), np.float64(0.7)]}",False,False,False,False,False,10,True,False,1.0,1.0,True,True,,False,False,1.0,False,SHOT(19),,0.0,0.0,-1,0.0,0.0,0.0,GESTURE(7),False,36185d94-feb4-415f-950d-5c47dd2e4ff9,False,0.0,ENABLED_REFLECTION(0),INVALID(-1),NORMAL(18341792),
8,PRIO_8(7),貫通弾Lv2_サブ2,,貫通弾Lv2,,30,,0,,,,Capsule,"{'start': {'x': 0.0, 'y': 0.0, 'z': 0.0}, 'end': {'x': 0.0, 'y': 0.0, 'z': 0.0}, 'radius': 0.2}",NORMAL(0),CAPTURE_NET(-956543104),FRONT(0),0.0,12.0,0.0,NORMAL(0),0.0,S(165454032),NONE(-94023312),NONE(0),0,0.0,NONE(1220034176),False,0.0,True,0.0,0.0,UnknEnumVal(3),1.5,0.0,ATTACK_FIRST(0),False,False,AUTO(-1072110528),SHOT(3),1.0,0.0,0.0,NONE(0),NULL,0.0,0.0,False,False,False,1.0,1.0,1.0,1.0,False,False,False,False,False,False,1,False,1,"{'WpGunPenetrate_MultiHitCurve.user.3': [np.float64(1.0), np.float64(1.0), np.float64(0.9), np.float64(0.8), np.float64(0.7), np.float64(0.7), np.float64(0.7), np.float64(0.7), np.float64(0.7), np.float64(0.7), np.float64(0.7), np.float64(0.7), np.float64(0.7), np.float64(0.7), np.float64(0.7), np.float64(0.7), np.float64(0.7), np.float64(0.7), np.float64(0.7), np.float64(0.7), np.float64(0.7), np.float64(0.7), np.float64(0.7), np.float64(0.7), np.float64(0.7), np.float64(0.7), np.float64(0.7), np.float64(0.7), np.float64(0.7), np.float64(0.7), np.float64(0.7)]}",False,False,False,False,False,10,True,False,1.0,1.0,True,True,,False,False,1.0,False,SHOT(19),,0.0,0.0,-1,0.0,0.0,0.0,GESTURE(7),False,36185d94-feb4-415f-950d-5c47dd2e4ff9,False,0.0,ENABLED_REFLECTION(0),INVALID(-1),NORMAL(18341792),
9,PRIO_8(7),貫通弾Lv3_サブ0,,貫通弾Lv3,,30,,0,,,,Capsule,"{'start': {'x': 0.0, 'y': 0.0, 'z': 0.0}, 'end': {'x': 0.0, 'y': 0.0, 'z': 0.0}, 'radius': 0.2}",NORMAL(0),CAPTURE_NET(-956543104),FRONT(0),0.0,12.0,0.0,NORMAL(0),0.0,S(165454032),NONE(-94023312),NONE(0),0,0.0,NONE(1220034176),False,0.0,True,0.0,0.0,UnknEnumVal(3),1.3,0.0,ATTACK_FIRST(0),False,False,AUTO(-1072110528),SHOT(3),1.0,0.0,0.0,NONE(0),NULL,0.0,0.0,False,False,False,1.0,1.0,1.0,1.0,False,False,False,False,False,False,1,False,1,"{'WpGunPenetrate_MultiHitCurve.user.3': [np.float64(1.0), np.float64(1.0), np.float64(0.9), np.float64(0.8), np.float64(0.7), np.float64(0.7), np.float64(0.7), np.float64(0.7), np.float64(0.7), np.float64(0.7), np.float64(0.7), np.float64(0.7), np.float64(0.7), np.float64(0.7), np.float64(0.7), np.float64(0.7), np.float64(0.7), np.float64(0.7), np.float64(0.7), np.float64(0.7), np.float64(0.7), np.float64(0.7), np.float64(0.7), np.float64(0.7), np.float64(0.7), np.float64(0.7), np.float64(0.7), np.float64(0.7), np.float64(0.7), np.float64(0.7), np.float64(0.7)]}",False,False,False,False,False,10,True,False,1.0,1.0,True,True,,False,False,1.0,False,SHOT(19),,0.0,0.0,-1,0.0,0.0,0.0,GESTURE(7),False,36185d94-feb4-415f-950d-5c47dd2e4ff9,False,0.0,ENABLED_REFLECTION(0),INVALID(-1),NORMAL(18341792),
10,PRIO_8(7),貫通弾Lv3_サブ1,,貫通弾Lv3,,30,,0,,,,Capsule,"{'start': {'x': 0.0, 'y': 0.0, 'z': 0.0}, 'end': {'x': 0.0, 'y': 0.0, 'z': 0.0}, 'radius': 0.2}",NORMAL(0),CAPTURE_NET(-956543104),FRONT(0),0.0,12.0,0.0,NORMAL(0),0.0,S(165454032),NONE(-94023312),NONE(0),0,0.0,NONE(1220034176),False,0.0,True,0.0,0.0,UnknEnumVal(3),1.3,0.0,ATTACK_FIRST(0),False,False,AUTO(-1072110528),SHOT(3),1.0,0.0,0.0,NONE(0),NULL,0.0,0.0,False,False,False,1.0,1.0,1.0,1.0,False,False,False,False,False,False,1,False,1,"{'WpGunPenetrate_MultiHitCurve.user.3': [np.float64(1.0), np.float64(1.0), np.float64(0.9), np.float64(0.8), np.float64(0.7), np.float64(0.7), np.float64(0.7), np.float64(0.7), np.float64(0.7), np.float64(0.7), np.float64(0.7), np.float64(0.7), np.float64(0.7), np.float64(0.7), np.float64(0.7), np.float64(0.7), np.float64(0.7), np.float64(0.7), np.float64(0.7), np.float64(0.7), np.float64(0.7), np.float64(0.7), np.float64(0.7), np.float64(0.7), np.float64(0.7), np.float64(0.7), np.float64(0.7), np.float64(0.7), np.float64(0.7), np.float64(0.7), np.float64(0.7)]}",False,False,False,False,False,10,True,False,1.0,1.0,True,True,,False,False,1.0,False,SHOT(19),,0.0,0.0,-1,0.0,0.0,0.0,GESTURE(7),False,36185d94-feb4-415f-950d-5c47dd2e4ff9,False,0.0,ENABLED_REFLECTION(0),INVALID(-1),NORMAL(18341792),
11,PRIO_8(7),貫通弾Lv3_サブ2,,貫通弾Lv3,,30,,0,,,,Capsule,"{'start': {'x': 0.0, 'y': 0.0, 'z': 0.0}, 'end': {'x': 0.0, 'y': 0.0, 'z': 0.0}, 'radius': 0.2}",NORMAL(0),CAPTURE_NET(-956543104),FRONT(0),0.0,12.0,0.0,NORMAL(0),0.0,S(165454032),NONE(-94023312),NONE(0),0,0.0,NONE(1220034176),False,0.0,True,0.0,0.0,UnknEnumVal(3),1.3,0.0,ATTACK_FIRST(0),False,False,AUTO(-1072110528),SHOT(3),1.0,0.0,0.0,NONE(0),NULL,0.0,0.0,False,False,False,1.0,1.0,1.0,1.0,False,False,False,False,False,False,1,False,1,"{'WpGunPenetrate_MultiHitCurve.user.3': [np.float64(1.0), np.float64(1.0), np.float64(0.9), np.float64(0.8), np.float64(0.7), np.float64(0.7), np.float64(0.7), np.float64(0.7), np.float64(0.7), np.float64(0.7), np.float64(0.7), np.float64(0.7), np.float64(0.7), np.float64(0.7), np.float64(0.7), np.float64(0.7), np.float64(0.7), np.float64(0.7), np.float64(0.7), np.float64(0.7), np.float64(0.7), np.float64(0.7), np.float64(0.7), np.float64(0.7), np.float64(0.7), np.float64(0.7), np.float64(0.7), np.float64(0.7), np.float64(0.7), np.float64(0.7), np.float64(0.7)]}",False,False,False,False,False,10,True,False,1.0,1.0,True,True,,False,False,1.0,False,SHOT(19),,0.0,0.0,-1,0.0,0.0,0.0,GESTURE(7),False,36185d94-feb4-415f-950d-5c47dd2e4ff9,False,0.0,ENABLED_REFLECTION(0),INVALID(-1),NORMAL(18341792),
,,,,,,,,,,,,,,,,,,,,,,,,,,,,,,,,,,,,,,,,,,,,,,,,,,,,,,,,,,,,,,,,,,,,,,,,,,,,,,,,,,,,,,,,,,,,,,,,,,
WpGunShell_RideFinish,,,,,,,,,,,,,,,,,,,,,,,,,,,,,,,,,,,,,,,,,,,,,,,,,,,,,,,,,,,,,,,,,,,,,,,,,,,,,,,,,,,,,,,,,,,,,,,,,,
0,PRIO_8(7),EM乗りフィニッシュ傷破壊,,EM乗りフィニッシュ弱点弾ダメージ,,20,,0,,,,Sphere,"{'x': 0.0, 'y': 0.0, 'z': 0.0, 'radius': 1.9}",NORMAL(0),CAPTURE_NET(-956543104),DOWN(3),0.0,10.0,0.0,NORMAL(0),0.0,S(165454032),NONE(-94023312),NONE(0),0,0.0,NONE(1220034176),False,0.0,True,0.0,0.0,NONE(0),0.0,0.0,ATTACK_FIRST(0),False,False,AUTO(-1072110528),NONE(0),1.0,0.0,0.0,FINISH(3),NULL,0.0,0.0,False,False,False,1.0,1.0,1.0,1.0,False,False,False,False,False,False,1,False,1,,False,False,False,False,False,10,True,False,1.0,1.0,False,True,,True,False,1.0,False,EXPLOSION(5),,0.0,0.0,-1,0.0,0.0,0.0,GESTURE(7),False,c56ee4bf-6d4a-40bb-b95a-d581aac55bb1,False,0.0,,INVALID(-1),NORMAL(18341792),
,,,,,,,,,,,,,,,,,,,,,,,,,,,,,,,,,,,,,,,,,,,,,,,,,,,,,,,,,,,,,,,,,,,,,,,,,,,,,,,,,,,,,,,,,,,,,,,,,,
WpGunShell_Ryuugeki,,,,,,,,,,,,,,,,,,,,,,,,,,,,,,,,,,,,,,,,,,,,,,,,,,,,,,,,,,,,,,,,,,,,,,,,,,,,,,,,,,,,,,,,,,,,,,,,,,
0,PRIO_8(7),竜撃弾,,竜撃弾,,11,,0,,,,Capsule,"{'start': {'x': 0.0, 'y': 0.0, 'z': 0.0}, 'end': {'x': 0.0, 'y': 0.0, 'z': 5.5}, 'radius': 1.6}",SMASH_MIDDLE(20),CAPTURE_NET(-956543104),FRONT(0),0.0,80.0,0.0,NORMAL(0),0.0,L(1343184512),NONE(-94023312),FIRE(1),0,40.0,NONE(1220034176),False,0.0,True,0.0,0.0,NONE(0),0.0,0.0,ATTACK_FIRST(0),False,False,AUTO(-1072110528),NONE(0),1.0,0.0,0.0,NONE(0),NULL,0.0,0.0,False,False,False,1.0,1.0,1.0,1.0,False,False,False,False,False,False,1,False,1,,False,False,False,False,False,10,True,False,1.0,1.0,False,True,,True,False,1.0,False,NONE(10),,0.0,0.0,-1,0.0,0.0,0.0,SLIP(22),False,c56ee4bf-6d4a-40bb-b95a-d581aac55bb1,False,0.0,,INVALID(-1),NORMAL(18341792),
1,PRIO_8(7),竜撃弾子部分,,竜撃弾(爆発),,13,,0,,,,Capsule,"{'start': {'x': 0.0, 'y': 0.0, 'z': 0.0}, 'end': {'x': 0.0, 'y': 0.0, 'z': 1.0}, 'radius': 1.6}",SMASH_MIDDLE(20),CAPTURE_NET(-956543104),FRONT(0),0.0,19.0,0.0,NORMAL(0),0.0,M(-1996372096),NONE(-94023312),FIRE(1),0,20.0,NONE(1220034176),False,0.0,True,0.0,0.0,NONE(0),0.0,0.0,ATTACK_FIRST(0),False,False,AUTO(-1072110528),NONE(0),1.0,0.0,0.0,NONE(0),NULL,0.0,0.0,False,False,False,1.0,1.0,1.0,1.0,False,False,False,False,False,False,1,False,1,,False,False,False,False,False,10,True,False,1.0,1.0,False,True,,True,False,1.0,False,NONE(10),,0.0,0.0,-1,0.0,0.0,0.0,SLIP(22),False,c56ee4bf-6d4a-40bb-b95a-d581aac55bb1,False,0.0,,INVALID(-1),NORMAL(18341792),
,,,,,,,,,,,,,,,,,,,,,,,,,,,,,,,,,,,,,,,,,,,,,,,,,,,,,,,,,,,,,,,,,,,,,,,,,,,,,,,,,,,,,,,,,,,,,,,,,,
WpGunShell_SetBomb,,,,,,,,,,,,,,,,,,,,,,,,,,,,,,,,,,,,,,,,,,,,,,,,,,,,,,,,,,,,,,,,,,,,,,,,,,,,,,,,,,,,,,,,,,,,,,,,,,
0,PRIO_8(7),起爆竜弾,,ヒット検知用ノーダメージ,,22,,0,,,,ContinuousSphere,"{'x': 0.0, 'y': 0.0, 'z': 0.0, 'radius': 0.1}",NORMAL(0),CAPTURE_NET(-956543104),FRONT(0),0.0,0.0,0.0,NORMAL(0),0.0,S(165454032),NONE(-94023312),NONE(0),0.0,0.0,NONE(1220034176),False,0.0,True,0.0,0.0,IGNORE_PARTS_PRIORITY(2),0.0,0.0,ATTACK_FIRST(0),False,False,AUTO(-1072110528),NONE(0),1.0,0.0,0.0,NONE(0),NULL,0.0,0.0,False,False,False,1.0,1.0,1.0,1.0,False,False,False,False,False,False,1.0,False,1.0,,False,False,False,False,False,10.0,True,False,1.0,1.0,False,True,,False,False,1.0,False,NONE(10),,0.0,0.0,-1.0,0.0,0.0,0.0,NONE(55),False,00000000-0000-0000-0000-000000000000,False,0.0,,INVALID(-1),NORMAL(18341792),
1,PRIO_8(7),起爆竜弾コンスト部分,,起爆龍弾コンスト部分,,24,,0,,,,Sphere,"{'x': 0.0, 'y': 0.0, 'z': 0.0, 'radius': 1.5}",,,,,,,,,,,,,,,,,,,,,,,,,,,,,,,,,,,,,,,,,,,,,,,,,,,,,,,,,,,,,,,,,,,,,,,,,,,,,,,,,,,,,
2,PRIO_8(7),起爆竜弾爆発部分,,起爆龍弾爆発部分,,25,,0,,,,ContinuousSphere,"{'x': 0.0, 'y': 0.5, 'z': 0.0, 'radius': 2.0}",NORMAL(0),CAPTURE_NET(-956543104),FRONT(0),0.0,35.0,0.0,NORMAL(0),0.0,S(165454032),HEAT_ENABLE(1380102272),NONE(0),0.0,0.0,NONE(1220034176),False,0.0,True,0.0,0.0,NONE(0),0.0,0.0,ATTACK_FIRST(0),False,False,AUTO(-1072110528),NONE(0),1.0,0.0,0.0,NONE(0),NULL,0.0,0.0,False,False,False,1.0,1.0,1.0,1.0,False,False,False,False,False,False,1.0,False,1.0,,False,False,False,False,False,10.0,True,True,1.0,1.0,False,True,,True,False,1.0,False,NONE(10),,0.0,0.0,-1.0,0.0,0.0,0.0,GESTURE(7),False,c56ee4bf-6d4a-40bb-b95a-d581aac55bb1,False,0.0,,INVALID(-1),FORCE_DAMAGE_UI(23971),
,,,,,,,,,,,,,,,,,,,,,,,,,,,,,,,,,,,,,,,,,,,,,,,,,,,,,,,,,,,,,,,,,,,,,,,,,,,,,,,,,,,,,,,,,,,,,,,,,,
WpGunShell_ShotGun,,,,,,,,,,,,,,,,,,,,,,,,,,,,,,,,,,,,,,,,,,,,,,,,,,,,,,,,,,,,,,,,,,,,,,,,,,,,,,,,,,,,,,,,,,,,,,,,,,
0,PRIO_8(7),散弾,,散弾,,1,,0,Sphere,,,ContinuousSphere,"{'x': 0.0, 'y': 0.0, 'z': 0.0, 'radius': 0.08}",NORMAL(0),CAPTURE_NET(-956543104),FRONT(0),0.0,11.0,0.0,NORMAL(0),0.0,S(165454032),NONE(-94023312),NONE(0),0,0.0,NONE(1220034176),False,0.0,True,0.0,0.0,IGNORE_PARTS_PRIORITY(2),0.0,0.0,ATTACK_FIRST(0),False,False,AUTO(-1072110528),SHOT(3),1.0,0.0,0.0,NONE(0),NULL,0.0,0.0,False,False,False,1.0,1.0,1.0,1.0,False,False,False,False,False,False,1,False,1,,False,False,False,False,False,10,True,False,1.0,1.0,True,True,,False,False,1.0,False,SHOT(19),,0.0,0.0,-1,0.0,0.0,0.0,GESTURE(7),False,604c9c34-a671-4034-b57e-9adf11300f02,False,0.0,ENABLED_REFLECTION(0),INVALID(-1),NORMAL(18341792),
,,,,,,,,,,,,,,,,,,,,,,,,,,,,,,,,,,,,,,,,,,,,,,,,,,,,,,,,,,,,,,,,,,,,,,,,,,,,,,,,,,,,,,,,,,,,,,,,,,
WpGunShell_Stealth,,,,,,,,,,,,,,,,,,,,,,,,,,,,,,,,,,,,,,,,,,,,,,,,,,,,,,,,,,,,,,,,,,,,,,,,,,,,,,,,,,,,,,,,,,,,,,,,,,
0,PRIO_8(7),ヘビィステルス射撃弾,,ヘビィステルス射撃弾,,12,,0,,,,Capsule,"{'start': {'x': 0.0, 'y': 0.0, 'z': 0.0}, 'end': {'x': 0.0, 'y': 0.0, 'z': 8.0}, 'radius': 1.6}",NORMAL(0),CAPTURE_NET(-956543104),FRONT(0),0.0,106.0,0.0,NORMAL(0),0.0,S(165454032),NONE(-94023312),NONE(0),0,0.0,NONE(1220034176),False,0.0,True,0.0,0.0,NONE(0),0.0,0.0,ATTACK_FIRST(0),False,False,AUTO(-1072110528),SHOT(3),1.0,0.0,0.0,NONE(0),NULL,0.0,0.0,False,False,False,1.0,1.0,1.0,1.0,False,False,False,False,False,False,1,False,1,,False,False,False,False,False,10,True,True,1.0,1.0,False,True,,False,False,1.0,False,SHOT(19),,0.0,0.0,-1,0.0,0.0,0.0,NORMAL(0),False,604c9c34-a671-4034-b57e-9adf11300f02,False,0.0,,INVALID(-1),NORMAL(18341792),
1,PRIO_8(7),ライトステルス射撃弾,,ライトステルス射撃弾,,12,,0,,,,Capsule,"{'start': {'x': 0.0, 'y': 0.0, 'z': 0.0}, 'end': {'x': 0.0, 'y': 0.0, 'z': 8.0}, 'radius': 1.6}",NORMAL(0),CAPTURE_NET(-956543104),FRONT(0),0.0,106.0,0.0,NORMAL(0),0.0,S(165454032),NONE(-94023312),NONE(0),0,0.0,NONE(1220034176),False,0.0,True,0.0,0.0,NONE(0),0.0,0.0,ATTACK_FIRST(0),False,False,AUTO(-1072110528),SHOT(3),1.0,0.0,0.0,NONE(0),NULL,0.0,0.0,False,False,False,1.0,1.0,1.0,1.0,False,False,False,False,False,False,1,False,1,,False,False,False,False,False,10,True,True,1.0,1.0,False,True,,False,False,1.0,False,SHOT(19),,0.0,0.0,-1,0.0,0.0,0.0,NORMAL(0),False,604c9c34-a671-4034-b57e-9adf11300f02,False,0.0,,INVALID(-1),NORMAL(18341792),
,,,,,,,,,,,,,,,,,,,,,,,,,,,,,,,,,,,,,,,,,,,,,,,,,,,,,,,,,,,,,,,,,,,,,,,,,,,,,,,,,,,,,,,,,,,,,,,,,,
WpGunShell_Support,,,,,,,,,,,,,,,,,,,,,,,,,,,,,,,,,,,,,,,,,,,,,,,,,,,,,,,,,,,,,,,,,,,,,,,,,,,,,,,,,,,,,,,,,,,,,,,,,,
0,PRIO_8(7),サポート弾,,ヒット検知用ノーダメージ,,28,,0,,,,ContinuousSphere,"{'x': 0.0, 'y': 0.0, 'z': 0.0, 'radius': 0.2}",NORMAL(0),CAPTURE_NET(-956543104),FRONT(0),0.0,0.0,0.0,NORMAL(0),0.0,S(165454032),NONE(-94023312),NONE(0),0.0,0.0,NONE(1220034176),False,0.0,True,0.0,0.0,IGNORE_PARTS_PRIORITY(2),0.0,0.0,ATTACK_FIRST(0),False,False,AUTO(-1072110528),NONE(0),1.0,0.0,0.0,NONE(0),NULL,0.0,0.0,False,False,False,1.0,1.0,1.0,1.0,False,False,False,False,False,False,1.0,False,1.0,,False,False,False,False,False,10.0,True,False,1.0,1.0,False,True,,False,False,1.0,False,NONE(10),,0.0,0.0,-1.0,0.0,0.0,0.0,NONE(55),False,00000000-0000-0000-0000-000000000000,False,0.0,,INVALID(-1),NORMAL(18341792),
1,,サポート弾着弾部分,,サポート弾着弾部分,,29,,0,,,,Sphere,"{'x': 0.0, 'y': 0.0, 'z': 0.0, 'radius': 2.5}",,,,,,,,,,,,,,,,,,,,,,,,,,,,,,,,,,,,,,,,,,,,,,,,,,,,,,,,,,,,,,,,,,,,,,,,,,,,,,,,,,,,,SUPPORT_SHELL(6)
,,,,,,,,,,,,,,,,,,,,,,,,,,,,,,,,,,,,,,,,,,,,,,,,,,,,,,,,,,,,,,,,,,,,,,,,,,,,,,,,,,,,,,,,,,,,,,,,,,
WpGunShell_WeakBlast,,,,,,,,,,,,,,,,,,,,,,,,,,,,,,,,,,,,,,,,,,,,,,,,,,,,,,,,,,,,,,,,,,,,,,,,,,,,,,,,,,,,,,,,,,,,,,,,,,
0,PRIO_8(7),弱点弾,,ヒット検知用ノーダメージ,,14,,0,Sphere,,,ContinuousSphere,"{'x': 0.0, 'y': 0.0, 'z': 0.0, 'radius': 0.2}",NORMAL(0),CAPTURE_NET(-956543104),FRONT(0),0.0,0.0,0.0,NORMAL(0),0.0,S(165454032),NONE(-94023312),NONE(0),0,0.0,NONE(1220034176),False,0.0,True,0.0,0.0,IGNORE_PARTS_PRIORITY(2),0.0,0.0,ATTACK_FIRST(0),False,False,AUTO(-1072110528),NONE(0),1.0,0.0,0.0,NONE(0),NULL,0.0,0.0,False,False,False,1.0,1.0,1.0,1.0,False,False,False,False,False,False,1,False,1,,False,False,False,False,False,10,True,False,1.0,1.0,False,True,,False,False,1.0,False,NONE(10),,0.0,0.0,-1,0.0,0.0,0.0,NONE(55),False,00000000-0000-0000-0000-000000000000,False,0.0,,INVALID(-1),NORMAL(18341792),
1,PRIO_8(7),弱点弾爆発部分_Lv1,,弱点弾爆発部分(本体),,15,,0,,,,Sphere,"{'x': 0.0, 'y': 0.0, 'z': 0.0, 'radius': 1.3}",NONE(55),CAPTURE_NET(-956543104),FRONT(0),0.0,30.0,0.0,NORMAL(0),0.0,S(165454032),NONE(-94023312),NONE(0),0,0.0,NONE(1220034176),False,0.0,True,0.0,0.0,NONE(0),0.0,0.0,ATTACK_FIRST(0),False,False,AUTO(-1072110528),NONE(0),1.0,0.0,0.0,NONE(0),NULL,0.0,0.0,False,False,False,0.2,1.0,1.0,1.0,False,False,False,False,False,False,1,False,1,,False,False,False,False,False,10,True,False,1.0,1.0,False,True,,True,False,1.0,False,EXPLOSION(5),,0.0,0.0,-1,0.0,0.0,0.0,NORMAL(0),False,c56ee4bf-6d4a-40bb-b95a-d581aac55bb1,False,0.0,,INVALID(-1),NORMAL(18341792),
2,PRIO_8(7),弱点弾爆発部分_Lv2,,弱点弾爆発部分(本体),,16,,0,,,,Sphere,"{'x': 0.0, 'y': 0.0, 'z': 0.0, 'radius': 1.6}",NONE(55),CAPTURE_NET(-956543104),FRONT(0),0.0,30.0,0.0,NORMAL(0),0.0,S(165454032),NONE(-94023312),NONE(0),0,0.0,NONE(1220034176),False,0.0,True,0.0,0.0,NONE(0),0.0,0.0,ATTACK_FIRST(0),False,False,AUTO(-1072110528),NONE(0),1.0,0.0,0.0,NONE(0),NULL,0.0,0.0,False,False,False,0.2,1.0,1.0,1.0,False,False,False,False,False,False,1,False,1,,False,False,False,False,False,10,True,False,1.0,1.0,False,True,,True,False,1.0,False,EXPLOSION(5),,0.0,0.0,-1,0.0,0.0,0.0,NORMAL(0),False,c56ee4bf-6d4a-40bb-b95a-d581aac55bb1,False,0.0,,INVALID(-1),NORMAL(18341792),
3,PRIO_8(7),弱点弾爆発部分_Lv3,,弱点弾爆発部分(本体),,17,,0,,,,Sphere,"{'x': 0.0, 'y': 0.0, 'z': 0.0, 'radius': 1.9}",NONE(55),CAPTURE_NET(-956543104),FRONT(0),0.0,30.0,0.0,NORMAL(0),0.0,S(165454032),NONE(-94023312),NONE(0),0,0.0,NONE(1220034176),False,0.0,True,0.0,0.0,NONE(0),0.0,0.0,ATTACK_FIRST(0),False,False,AUTO(-1072110528),NONE(0),1.0,0.0,0.0,NONE(0),NULL,0.0,0.0,False,False,False,0.2,1.0,1.0,1.0,False,False,False,False,False,False,1,False,1,,False,False,False,False,False,10,True,False,1.0,1.0,False,True,,True,False,1.0,False,EXPLOSION(5),,0.0,0.0,-1,0.0,0.0,0.0,NORMAL(0),False,c56ee4bf-6d4a-40bb-b95a-d581aac55bb1,False,0.0,,INVALID(-1),NORMAL(18341792),
4,PRIO_8(7),弱点弾爆発部分_傷_Lv1,,弱点弾爆発部分(傷),,18,,0,,,,Sphere,"{'x': 0.0, 'y': 0.0, 'z': 0.0, 'radius': 1.3}",NONE(55),CAPTURE_NET(-956543104),FRONT(0),0.0,0.0,0.0,NORMAL(0),0.0,S(165454032),NONE(-94023312),NONE(0),0,0.0,NONE(1220034176),False,0.0,True,0.0,0.0,USE_MULIT_HIT(1),0.01,0.0,ATTACK_FIRST(0),False,False,AUTO(-1072110528),NONE(0),1.0,0.0,0.0,NONE(0),NULL,0.0,0.0,False,False,False,0.5,1.0,1.0,1.0,False,False,False,False,False,False,1,False,1,,False,False,False,False,False,10,True,False,1.0,1.0,False,True,,True,False,1.0,False,EXPLOSION(5),,0.0,0.0,-1,0.0,0.0,0.0,NORMAL(0),False,c56ee4bf-6d4a-40bb-b95a-d581aac55bb1,False,0.0,,INVALID(-1),NORMAL(18341792),
5,PRIO_8(7),弱点弾爆発部分_傷_Lv2,,弱点弾爆発部分(傷),,19,,0,,,,Sphere,"{'x': 0.0, 'y': 0.0, 'z': 0.0, 'radius': 1.6}",NONE(55),CAPTURE_NET(-956543104),FRONT(0),0.0,0.0,0.0,NORMAL(0),0.0,S(165454032),NONE(-94023312),NONE(0),0,0.0,NONE(1220034176),False,0.0,True,0.0,0.0,USE_MULIT_HIT(1),0.01,0.0,ATTACK_FIRST(0),False,False,AUTO(-1072110528),NONE(0),1.0,0.0,0.0,NONE(0),NULL,0.0,0.0,False,False,False,0.5,1.0,1.0,1.0,False,False,False,False,False,False,1,False,1,,False,False,False,False,False,10,True,False,1.0,1.0,False,True,,True,False,1.0,False,EXPLOSION(5),,0.0,0.0,-1,0.0,0.0,0.0,NORMAL(0),False,c56ee4bf-6d4a-40bb-b95a-d581aac55bb1,False,0.0,,INVALID(-1),NORMAL(18341792),
6,PRIO_8(7),弱点弾爆発部分_傷_Lv3,,弱点弾爆発部分(傷),,20,,0,,,,Sphere,"{'x': 0.0, 'y': 0.0, 'z': 0.0, 'radius': 1.9}",NONE(55),CAPTURE_NET(-956543104),FRONT(0),0.0,0.0,0.0,NORMAL(0),0.0,S(165454032),NONE(-94023312),NONE(0),0,0.0,NONE(1220034176),False,0.0,True,0.0,0.0,USE_MULIT_HIT(1),0.01,0.0,ATTACK_FIRST(0),False,False,AUTO(-1072110528),NONE(0),1.0,0.0,0.0,NONE(0),NULL,0.0,0.0,False,False,False,0.5,1.0,1.0,1.0,False,False,False,False,False,False,1,False,1,,False,False,False,False,False,10,True,False,1.0,1.0,False,True,,True,False,1.0,False,EXPLOSION(5),,0.0,0.0,-1,0.0,0.0,0.0,NORMAL(0),False,c56ee4bf-6d4a-40bb-b95a-d581aac55bb1,False,0.0,,INVALID(-1),NORMAL(18341792),
7,PRIO_8(7),弱点弾爆発部分_傷ヒット時追加ダメ,,弱点弾爆発部分(傷ヒット時追加ダメ),,21,,0,,,,Sphere,"{'x': 0.0, 'y': 0.0, 'z': 0.0, 'radius': 1.75}",NONE(55),CAPTURE_NET(-956543104),FRONT(0),0.0,45.0,0.0,NORMAL(0),0.0,S(165454032),NONE(-94023312),NONE(0),0,0.0,NONE(1220034176),False,0.0,True,0.0,0.0,NONE(0),0.0,0.0,ATTACK_FIRST(0),False,False,AUTO(-1072110528),NONE(0),1.0,0.0,0.0,NONE(0),NULL,0.0,0.0,False,False,False,0.2,1.0,1.0,1.0,False,False,True,True,False,False,1,False,1,,False,False,False,False,False,10,True,False,1.0,1.0,False,True,,True,False,1.0,False,NONE(10),,0.0,0.0,-1,0.0,0.0,0.0,NORMAL(0),False,c56ee4bf-6d4a-40bb-b95a-d581aac55bb1,False,0.0,,INVALID(-1),NORMAL(18341792),
8,PRIO_8(7),弱点弾爆発部分_ライド用傷ヒット時追加ダメ,,弱点弾爆発部分(傷ヒット時追加ダメ),,23,,0,,,,Sphere,"{'x': 0.0, 'y': 0.0, 'z': 0.0, 'radius': 1.75}",NONE(55),CAPTURE_NET(-956543104),FRONT(0),0.0,45.0,0.0,NORMAL(0),0.0,S(165454032),NONE(-94023312),NONE(0),0,0.0,NONE(1220034176),False,0.0,True,0.0,0.0,NONE(0),0.0,0.0,ATTACK_FIRST(0),False,False,AUTO(-1072110528),NONE(0),1.0,0.0,0.0,NONE(0),NULL,0.0,0.0,False,False,False,0.2,1.0,1.0,1.0,False,False,True,True,False,False,1,False,1,,False,False,False,False,False,10,True,False,1.0,1.0,False,True,,True,False,1.0,False,NONE(10),,0.0,0.0,-1,0.0,0.0,0.0,NORMAL(0),False,c56ee4bf-6d4a-40bb-b95a-d581aac55bb1,False,0.0,,INVALID(-1),NORMAL(18341792),
,,,,,,,,,,,,,,,,,,,,,,,,,,,,,,,,,,,,,,,,,,,,,,,,,,,,,,,,,,,,,,,,,,,,,,,,,,,,,,,,,,,,,,,,,,,,,,,,,,
WpGunShell_WeakPointSnipe,,,,,,,,,,,,,,,,,,,,,,,,,,,,,,,,,,,,,,,,,,,,,,,,,,,,,,,,,,,,,,,,,,,,,,,,,,,,,,,,,,,,,,,,,,,,,,,,,,
0,PRIO_8(7),弱点狙撃弾,,弱点狙撃弾,,14,,0,Sphere,,,ContinuousSphere,"{'x': 0.0, 'y': 0.0, 'z': 0.0, 'radius': 0.2}",NORMAL(0),CAPTURE_NET(-956543104),FRONT(0),0.0,30.0,0.0,NORMAL(0),0.0,S(165454032),NONE(-94023312),NONE(0),0,0.0,NONE(1220034176),False,0.0,True,0.0,0.0,UnknEnumVal(3),0.0,0.0,ATTACK_FIRST(0),False,False,AUTO(-1072110528),SHOT(3),1.0,0.0,0.0,NONE(0),NULL,0.0,0.0,False,False,False,1.0,1.0,1.0,1.0,False,False,True,True,False,False,1,False,1,,False,False,False,False,False,10,True,False,1.0,1.0,False,True,,False,True,0.3,False,SHOT(19),,0.0,0.0,-1,0.0,0.0,0.0,GESTURE(7),False,604c9c34-a671-4034-b57e-9adf11300f02,False,0.0,,INVALID(-1),NORMAL(18341792),
1,PRIO_9(6),弱点狙撃弾_精密,,弱点狙撃弾_精密,,5,,0,Sphere_Copied,,,ContinuousSphere,"{'x': 0.0, 'y': 0.0, 'z': 0.0, 'radius': 0.2}",NORMAL(0),CAPTURE_NET(-956543104),FRONT(0),0.0,30.0,0.0,NORMAL(0),0.0,S(165454032),NONE(-94023312),NONE(0),0,0.0,NONE(1220034176),False,0.0,True,0.0,0.0,IGNORE_PARTS_PRIORITY(2),0.0,0.0,ATTACK_FIRST(0),False,False,AUTO(-1072110528),SHOT(3),1.0,0.0,0.0,NONE(0),NULL,0.0,0.0,False,True,True,1.0,1.0,1.0,1.0,False,False,True,True,False,False,1,False,1,,False,False,False,False,False,10,True,False,1.0,1.0,False,True,,False,True,0.0,False,SHOT(19),,0.0,0.0,-1,0.0,0.0,0.0,GESTURE(7),False,604c9c34-a671-4034-b57e-9adf11300f02,False,0.0,,INVALID(-1),NORMAL(18341792),
2,PRIO_8(7),弱点狙撃弾貫通部分,,弱点狙撃弾貫通部分,,0,,0,Sphere,,,ContinuousSphere,"{'x': 0.0, 'y': 0.0, 'z': 0.0, 'radius': 0.2}",NORMAL(0),CAPTURE_NET(-956543104),FRONT(0),0.0,40.0,0.0,NORMAL(0),0.0,S(165454032),NONE(-94023312),NONE(0),0,0.0,NONE(1220034176),False,0.0,True,0.0,0.0,UnknEnumVal(3),3.0,0.0,ATTACK_FIRST(0),False,False,AUTO(-1072110528),SHOT(3),1.0,0.0,0.0,NONE(0),NULL,0.0,0.0,False,False,False,0.5,1.0,1.0,1.0,False,False,True,False,False,False,1,False,1,,False,False,False,False,False,10,True,False,1.0,1.0,False,True,,False,False,1.0,False,SHOT(19),,0.0,0.0,-1,0.0,0.0,0.0,NORMAL(0),False,c56ee4bf-6d4a-40bb-b95a-d581aac55bb1,False,0.0,,INVALID(-1),NORMAL(18341792),
3,PRIO_9(6),弱点狙撃弾貫通部分_精密,,弱点狙撃弾貫通部分_精密,,5,,0,Sphere_Copied,,,ContinuousSphere,"{'x': 0.0, 'y': 0.0, 'z': 0.0, 'radius': 0.2}",NORMAL(0),CAPTURE_NET(-956543104),FRONT(0),0.0,40.0,0.0,NORMAL(0),0.0,S(165454032),NONE(-94023312),NONE(0),0,0.0,NONE(1220034176),False,0.0,True,0.0,0.0,UnknEnumVal(3),3.0,0.0,ATTACK_FIRST(0),False,False,AUTO(-1072110528),SHOT(3),1.0,0.0,0.0,NONE(0),NULL,0.0,0.0,False,False,False,0.5,1.0,1.0,1.0,False,False,True,False,False,False,1,False,1,,False,False,False,False,False,10,True,False,1.0,1.0,False,True,,False,False,1.0,False,SHOT(19),,0.0,0.0,-1,0.0,0.0,0.0,NORMAL(0),False,c56ee4bf-6d4a-40bb-b95a-d581aac55bb1,False,0.0,,INVALID(-1),NORMAL(18341792),
